/* Inserir os Clubes na tabela "club" */
INSERT INTO club (idClub, name)
VALUES
	(1, 'SL Benfica'),
	(2, 'FC Porto'),
	(3, 'Sporting CP'),
	(4, 'Boavista FC'),
	(5, 'SC Braga'),
	(6, 'Vitória S.C.'),
	(7, 'FC Paços de Ferreira'),
	(8, 'Vitória de Setúbal'),
	(9, 'CS Marítimo'),
	(10, 'Belenenses'),
	(11, 'CD Nacional'),
	(12, 'G.D. CUF'),
	(13, 'Académica'),
	(14, 'UD Leiria'),
	(15, 'Leixões SC'),
	(16, 'SC Beira Mar'),
	(17, 'SC Salgueiros'),
	(18, 'Portimonense SC'),
	(19, 'GD Chaves'),
	(20, 'SC Farense'),
	(21, 'Rio Ave'),
	(22, 'Estrela da Amadora'),
	(23, 'CD Santa Clara'),
	(24, 'FC Barreirense');

/* Inserir as Modalidades na tabela "modality" */
INSERT INTO modality (idModality, name)
VALUES
	(1, 'Corrida De Pista'),
	(2, 'Corrida Com Obstáculos'),
	(3, 'Corrida De Meio Fundo'),
	(4, 'Corrida De Fundo'),
	(5, 'Corrida De Revezamento'),
	(6, 'Maratona'),
	(7, 'Salto Em Altura'),
	(8, 'Salto Em Distância'),
	(9, 'Lançamento');

/* Inserir as Especialidades na tabela "expertise" */
INSERT INTO expertise (idExpertise, designation)
VALUES
	(1, 'Anatomia Patológica'),
	(2, 'Anestesiologia'),
	(3, 'Cardiologia'),
	(4, 'Cirurgia Geral'),
	(5, 'Medicina Desportiva'),
	(6, 'Medicina Física e de Reabilitação'),
	(7, 'Ortopedia'),
	(8, 'Psiquiatria'),
	(9, 'Radiologia'),
	(10, 'Reumatologia');

/* Inserir os Códigos Postais na tabela "zipcode" */
INSERT INTO zipcode (zipcode, city)
VALUES
	('2303-371', 'Portimão'),
	('6607-432', 'Portimão'),
	('1214-165', 'Porto'),
	('3879-107', 'Santarém'),
	('3233-439', 'Moçambique'),
	('5928-671', 'Braga'),
	('3934-537', 'Angra do Heroísmo'),
	('8311-724', 'Faro'),
	('1803-901', 'Aveiro'),
	('9696-736', 'Lisboa'),
	('4886-694', 'Faro'),
	('8203-470', 'Faro'),
	('6273-927', 'Bélgica'),
	('1238-793', 'Praia da Vitória'),
	('7088-981', 'Porto'),
	('9820-866', 'Coimbra'),
	('3691-746', 'Aveiro'),
	('9029-475', 'Ponta Delgada'),
	('8610-365', 'Coimbra'),
	('4362-101', 'Praga'),
	('9820-627', 'Londres'),
	('5895-424', 'Ponta Delgada');

/* Inserir as Categorias na tabela "category" */
INSERT INTO category (idCategory, name)
VALUES
	(1, 'Escolinhas'),
	(2, 'Infantis'),
	(3, 'Juvenis'),
	(4, 'Juniores'),
	(5, 'Seniores');

/* Inserir os Médicos na tabela "doctor" */
INSERT INTO doctor (idDoctor, birthdate, name, idZipcode, cellphone, idExpertise)
VALUES
	(1, '1985-08-15', 'Asi Lucas', '3691-746', 914051673, 8),
	(2, '1972-06-01', 'Belchior Telles', '7088-981', 913307966, 5),
	(3, '1988-12-10', 'Boaventura Quintana', '9029-475', 916973657, 9),
	(4, '1982-08-25', 'Clarisse Mantas', '9820-627', 919321910, 7),
	(5, '1985-12-02', 'Collin Guterres', '9820-627', 915030243, 7),
	(6, '1984-04-18', 'Dora García', '7088-981', 913149108, 2),
	(7, '1971-11-20', 'Dorindo Naves', '2303-371', 912372187, 1),
	(8, '1972-08-21', 'Dulce Barra', '3233-439', 915618011, 1),
	(9, '1977-04-19', 'Fulvio Andrade', '1803-901', 918152659, 9),
	(10, '1989-01-15', 'Guiomar Saraíba', '3233-439', 915943997, 4),
	(11, '1972-03-22', 'Gávio Estrada', '3233-439', 917842808, 2),
	(12, '1973-02-09', 'Higino Tabosa', '9820-627', 918612541, 6),
	(13, '1971-12-08', 'Iberê Penteado', '5895-424', 916687017, 3),
	(14, '1975-04-25', 'Laurinda Gomes', '1238-793', 919943736, 6),
	(15, '1981-10-13', 'Levi Tamoio', '3233-439', 919636432, 9),
	(16, '1977-02-18', 'Natália Bento', '6607-432', 915518355, 3),
	(17, '1989-09-02', 'Noémia Imbassaí', '1238-793', 912424129, 6),
	(18, '1988-08-18', 'Paula Alcantara', '4886-694', 911416279, 8),
	(19, '1976-11-11', 'Quintilien Lago', '1238-793', 915770220, 9),
	(20, '1984-01-10', 'Raul Negromonte', '5895-424', 919690448, 10);

/* Inserir os Atletas na tabela "athlete" */
INSERT INTO athlete (idAthlete, name, birthdate, weight, idModality, idCategory, idClub, idZipcode)
VALUES
	(1, 'Gustavo Baptista Pato', '2008-03-26', 58.4, 5, 5, 24, '3691-746'),
	(2, 'António Manuel Correia Charréu', '2015-09-08', 91.8, 3, 2, 24, '9820-866'),
	(3, 'Sara Juromito Silva', '2006-09-06', 90.9, 9, 4, 4, '1214-165'),
	(4, 'Luis Maria Abrantes Bravo Lemos Macedo', '1994-08-06', 45.2, 1, 5, 12, '8610-365'),
	(5, 'José Miguel Luzia Murteira', '2015-08-21', 44.7, 8, 1, 8, '9029-475'),
	(6, 'Max Enrique Rod Codeço', '2010-04-17', 43.6, 6, 5, 23, '6273-927'),
	(7, 'Sebastião Alexandre Ferreira Bota Cruz Lima', '1992-02-24', 75.5, 6, 5, 18, '1238-793'),
	(8, 'Ana Margarida Filipe', '2015-09-05', 82.2, 1, 1, 13, '3691-746'),
	(9, 'Carlos Manuel Cota Lima', '1991-07-19', 58.9, 1, 1, 15, '9696-736'),
	(10, 'Mariana Diogo Braz Sustelo Marianito', '2005-07-28', 60.0, 4, 1, 22, '1214-165'),
	(11, 'Diogo Coelho José', '2007-04-24', 58.7, 7, 5, 16, '8610-365'),
	(12, 'Henrique Marques Petiz', '2005-01-10', 105.8, 4, 4, 3, '5928-671'),
	(13, 'João Manuel Bento Martinho', '2001-01-20', 87.0, 5, 2, 24, '4362-101'),
	(14, 'João David Sousa Carmo Fernando', '2015-06-04', 53.7, 2, 4, 17, '8610-365'),
	(15, 'Anri Egutidze', '1995-03-26', 99.9, 6, 4, 23, '1803-901'),
	(16, 'Miguel João Soares Pisco', '2001-09-22', 55.6, 5, 4, 1, '4886-694'),
	(17, 'Alexis Manaças Silva Santos', '2013-01-05', 55.8, 2, 3, 14, '8203-470'),
	(18, 'Diana Margarida Coelho Durães', '1991-05-18', 96.9, 8, 2, 15, '3691-746'),
	(19, 'Matilde Passarinho Oliveira Pedro Antunes', '1995-08-02', 59.0, 6, 3, 17, '5895-424'),
	(20, 'João Carvalho Santos Soares Mendonça', '2005-05-04', 111.0, 6, 3, 18, '3233-439'),
	(21, 'Catarina Carmo Fonseca Lourenço', '2017-09-18', 88.1, 4, 5, 24, '8610-365'),
	(22, 'Inês Pereira Henriques', '1996-05-10', 101.5, 1, 5, 19, '6607-432'),
	(23, 'José Pedro Correia Charréu', '2019-11-03', 50.9, 8, 3, 17, '2303-371'),
	(24, 'Maria Gemma Siderot', '1991-07-14', 47.9, 7, 4, 14, '1214-165'),
	(25, 'Henrique Seródio Bernardo Santos Jesus', '2015-07-19', 56.5, 9, 2, 23, '5895-424'),
	(26, 'Francisco José Vieira Pinto', '2018-02-03', 89.4, 4, 2, 21, '6607-432'),
	(27, 'Francisco Marques Pardal', '2010-05-24', 110.4, 5, 1, 16, '9029-475'),
	(28, 'Ivo Emanuel Alves Oliveira', '2010-09-02', 80.2, 6, 1, 14, '5928-671'),
	(29, 'Leonardo Sousa Diogo', '2012-04-26', 46.4, 3, 4, 7, '4362-101'),
	(30, 'Nelson Romeu Benido Gouveia', '2010-07-20', 67.7, 6, 3, 24, '8203-470'),
	(31, 'Mariana Dias São José Pereira', '2016-10-20', 98.9, 8, 1, 8, '1803-901'),
	(32, 'Simão Bernardo Silva Almeida', '2000-07-10', 107.9, 4, 3, 16, '3691-746'),
	(33, 'Érica Gomes', '1998-06-08', 106.2, 5, 2, 5, '8203-470'),
	(34, 'Manuel Maria Malanho Semedo Cardoso Rodrigues', '1994-11-24', 80.4, 5, 2, 24, '9696-736'),
	(35, 'Luis Carlos Pissarra Gonçalves', '1998-09-06', 43.3, 3, 4, 23, '7088-981'),
	(36, 'Gonçalo Filipe Abalada Nogueira', '2003-04-20', 51.8, 3, 1, 9, '3879-107'),
	(37, 'João Carlos Calvete Pereira Costa', '1998-05-20', 40.9, 2, 5, 5, '8203-470'),
	(38, 'André Miguel Granadeiro Lima Patricio', '2017-10-17', 101.9, 3, 5, 20, '7088-981'),
	(39, 'Joao Maria Graça E Cruz Ureña Prieto', '2003-11-13', 105.2, 9, 1, 6, '3879-107'),
	(40, 'José Luis Anica Costa', '2013-08-25', 41.1, 2, 4, 14, '3879-107'),
	(41, 'Jorge Manuel Roxo Martins De Lima', '2019-01-04', 50.9, 7, 3, 13, '4886-694'),
	(42, 'Rui Filipe Medeiros Da Silveira', '2018-03-24', 71.4, 8, 1, 2, '6607-432'),
	(43, 'Mafalda Pessanha Pires De Lima', '1992-11-22', 81.6, 2, 2, 18, '9820-627'),
	(44, 'Vasco Amorim Ramos Mendes', '2007-06-04', 53.5, 4, 4, 7, '8311-724'),
	(45, 'Sérgio Paulo Revez Rita', '2015-07-17', 107.4, 9, 5, 13, '8610-365'),
	(46, 'Ana Teresa Bento Pereira', '1994-01-25', 43.8, 4, 1, 8, '8203-470'),
	(47, 'Joana Sofia Paiva Castelão Martins', '1990-09-03', 50.2, 1, 3, 7, '9029-475'),
	(48, 'Filipa Guedes Barbosa', '2000-08-01', 81.4, 6, 5, 6, '7088-981'),
	(49, 'Miguel Marques Monteiro', '2005-02-06', 47.7, 2, 1, 2, '9696-736'),
	(50, 'Cristiano Daniel Pinto Pereira', '2013-10-05', 49.8, 4, 1, 3, '6607-432'),
	(51, 'Diogo Ferreira Teixeira', '2009-10-09', 56.0, 5, 3, 2, '9820-627'),
	(52, 'Ana Dulce Ferreira Félix', '2018-07-27', 91.4, 6, 2, 15, '8610-365'),
	(53, 'Manuel De Freitas Mendes', '1992-02-14', 89.5, 1, 1, 10, '9696-736'),
	(54, 'Floriano José Da Silva Jesus', '2002-12-02', 85.6, 3, 2, 8, '8610-365'),
	(55, 'Gonçalo Oliveira Rodrigues', '2011-12-16', 84.7, 7, 1, 15, '9029-475'),
	(56, 'Bruno Renato Valerio Valentim', '2018-09-14', 96.9, 3, 1, 16, '9820-627'),
	(57, 'Tomás Paulo Dos Santos', '1992-05-26', 109.6, 7, 5, 20, '3233-439'),
	(58, 'Ana Rita Machado Rodrigues', '2010-11-11', 111.6, 7, 4, 8, '4362-101'),
	(59, 'Diogo Alexandre Onofre De Matos', '1991-03-24', 83.3, 9, 3, 21, '9029-475'),
	(60, 'Filipe Gustav Bjorcke Dos Santos', '2003-02-22', 42.2, 4, 2, 24, '1214-165'),
	(61, 'João Francisco Madeira Da Piedade Vaz', '2015-06-10', 61.9, 7, 1, 12, '8610-365'),
	(62, 'Marco André Ribeiro Meneses', '2010-10-26', 98.8, 2, 2, 4, '9820-866'),
	(63, 'Miguel David Duarte Cruz', '1998-11-13', 84.1, 3, 5, 23, '4886-694'),
	(64, 'Etson Mendes Barros', '1994-06-04', 99.2, 4, 2, 20, '9696-736'),
	(65, 'João Miguel Calhau Peixoto', '1991-08-10', 52.1, 2, 2, 6, '8610-365'),
	(66, 'José Augusto Da Silva Ferreira Ribeiro', '2015-08-15', 64.3, 7, 1, 20, '9820-866'),
	(67, 'Ana Sofia Da Silva De Sousa', '1998-05-19', 52.9, 3, 5, 8, '1803-901'),
	(68, 'Joana Sofia Barbosa Vasconcelos', '2014-12-01', 48.7, 4, 5, 24, '7088-981'),
	(69, 'Bruno Luis Santos Silvério', '1994-04-12', 51.9, 4, 1, 20, '8610-365'),
	(70, 'Francisca Dias Laia', '1999-12-08', 68.1, 1, 5, 12, '4886-694'),
	(71, 'Teresa Do Rosário Afonso Portela', '2015-11-07', 90.2, 1, 5, 11, '9820-866'),
	(72, 'Francisco José Lopes Dos Santos', '1994-11-15', 100.3, 2, 2, 24, '5895-424'),
	(73, 'Hélder Da Rocha E Silva', '2018-02-09', 60.9, 3, 4, 11, '1803-901'),
	(74, 'André Filipe Ribeiro Moura Silva', '2011-02-12', 65.7, 9, 4, 13, '1238-793'),
	(75, 'Bruno Miguel Lopes Leitão', '2001-01-08', 57.3, 7, 3, 24, '9029-475'),
	(76, 'Francisco José Bruno Serra', '2012-05-23', 102.6, 3, 3, 8, '1214-165'),
	(77, 'Francisco Samuel Ferreira Gouveia', '2017-01-25', 83.7, 1, 5, 9, '4886-694'),
	(78, 'Helena Maria Da Costa Soares', '2002-07-20', 86.9, 9, 2, 18, '9820-866'),
	(79, 'Lenine Francisco Da Silva Cunha', '2006-11-24', 77.1, 5, 3, 13, '9820-627'),
	(80, 'Nelson Emanuel Leite Silva', '2012-05-21', 84.2, 3, 4, 12, '8311-724'),
	(81, 'Paulo Miguel Pereira Henriques', '2003-03-08', 101.5, 8, 1, 3, '9820-627'),
	(82, 'Paulo Ricardo Quina Benevente', '2000-02-01', 88.2, 8, 5, 3, '6273-927'),
	(83, 'Sandra Maria Vieira Sousa', '1993-03-03', 94.6, 1, 1, 11, '9696-736'),
	(84, 'André Ferreira Barbosa', '2011-05-25', 77.1, 7, 5, 8, '3879-107'),
	(85, 'Diogo Ferreira Tribolet De Abreu', '2012-04-02', 97.5, 9, 4, 3, '3233-439'),
	(86, 'Petrix Stevan Aguiar Barbosa', '2008-11-28', 58.9, 4, 3, 8, '7088-981'),
	(87, 'Beatriz Szucs Veloso Cardoso', '1997-10-19', 42.0, 7, 2, 16, '8610-365'),
	(88, 'Mariana Penajoia Silva Castro Catarino', '1993-07-14', 92.2, 9, 2, 13, '1803-901'),
	(89, 'Eduardo Venceslau De Oliveira Machado Dray', '2006-01-19', 47.5, 7, 4, 2, '9820-627'),
	(90, 'Diogo Carvalho Costa', '2007-02-22', 49.3, 2, 3, 7, '8610-365'),
	(91, 'Sofia De Freitas Correia', '2015-10-22', 44.7, 5, 4, 18, '3934-537'),
	(92, 'Diogo Santos Cardoso', '1995-04-16', 71.1, 4, 2, 12, '6273-927'),
	(93, 'Pedro Manuel Piriquito Isidro', '2007-06-17', 107.1, 3, 2, 23, '3879-107'),
	(94, 'Tiago Manuel Guerreiro Fernandes', '2011-11-14', 45.0, 4, 1, 5, '6607-432'),
	(95, 'José Duarte Madeira', '2005-05-18', 56.1, 6, 3, 6, '8203-470'),
	(96, 'José Frederico Marques Paixão Ulrich', '1999-01-01', 66.9, 3, 3, 17, '4886-694'),
	(97, 'Rodrigo De Bivar Weinholtz Cardoso Marta', '2009-03-25', 91.8, 8, 2, 5, '8311-724'),
	(98, 'Luís Miguel Sousa Gonçalves', '1994-08-26', 96.1, 9, 3, 18, '1238-793'),
	(99, 'João Miguel Ferreira Machado', '2017-02-25', 73.2, 4, 5, 6, '9029-475'),
	(100, 'Jennifer Dos Santos Nogueira', '2009-07-16', 79.9, 7, 3, 2, '3879-107'),
	(101, 'Ana Leonor Torres Araújo', '2006-04-06', 74.8, 5, 1, 14, '9029-475'),
	(102, 'Pedro Alexis Simas Medeiros', '2012-01-12', 73.5, 3, 1, 18, '1214-165'),
	(103, 'Raquel Andreia Sousa Faria Cerqueira', '2000-06-24', 96.3, 3, 3, 12, '4886-694'),
	(104, 'Susana Daniel Pereira De Castro', '1996-05-13', 45.7, 6, 3, 24, '5895-424'),
	(105, 'Elsa Maria Agostinho Taborda', '2006-06-11', 86.7, 4, 4, 2, '3691-746'),
	(106, 'Maria Santos Rei', '2007-04-28', 98.1, 7, 4, 21, '7088-981'),
	(107, 'Ana Sofia Lopes Valentim', '1994-07-13', 84.7, 5, 3, 7, '5895-424'),
	(108, 'Frederico Vilariça Alvarenga', '1997-03-18', 73.2, 5, 4, 8, '9696-736'),
	(109, 'Fábio Miguel Soares Cameira', '1990-09-09', 114.0, 5, 2, 19, '8203-470'),
	(110, 'Fernando Ismael Fernandes Pimenta', '2000-05-08', 111.1, 6, 3, 1, '1214-165'),
	(111, 'João Luis Cunha Pereira', '2012-03-28', 80.6, 2, 4, 23, '1214-165'),
	(112, 'Nuno Hélder Pinto Lopes De Barros', '1990-04-13', 89.2, 9, 1, 24, '6273-927'),
	(113, 'Joana Maria Marinho De Sousa', '2017-08-06', 48.6, 3, 5, 17, '9820-866'),
	(114, 'Márcia Alexandra Da Silva Aldeias', '2005-05-18', 89.2, 3, 3, 15, '4362-101'),
	(115, 'Inês Filipa Da Silva Domingues', '2005-12-04', 64.6, 7, 2, 4, '3934-537'),
	(116, 'João Miguel Pascoal Ferreira', '1992-10-20', 119.2, 7, 1, 15, '7088-981'),
	(117, 'Constança Ferreira Lima Lourenço Dimas', '2008-10-17', 109.7, 4, 3, 23, '9820-627'),
	(118, 'Vitor Freitas De Jesus', '1998-04-21', 55.8, 2, 1, 10, '8311-724'),
	(119, 'Lúcia Mendonça Franco', '1991-06-03', 83.6, 2, 3, 10, '8311-724'),
	(120, 'Tiago Correia Neves', '2019-01-28', 117.3, 4, 1, 16, '5928-671'),
	(121, 'Kevin Camacho Selvarajah', '2016-01-12', 110.1, 6, 2, 20, '5895-424'),
	(122, 'Tiago André Santos Li', '2008-05-02', 55.2, 5, 1, 13, '3233-439'),
	(123, 'Luis Fernando Correia Fernandes', '2007-04-11', 107.6, 9, 5, 14, '1803-901'),
	(124, 'Inês Filipa Costa Marques', '2016-11-09', 42.7, 8, 4, 16, '9820-627'),
	(125, 'Carla Marília Abreu De Freitas Brandt', '2003-06-05', 60.9, 1, 2, 9, '9696-736'),
	(126, 'Diogo Almeida Messias Ganchinho', '2002-01-17', 111.7, 3, 1, 21, '5895-424'),
	(127, 'Pedro Ribeiro Ferreira', '2018-07-26', 79.0, 2, 2, 10, '9820-627'),
	(128, 'Tiago Rafael Pedrosa Trigo Gonçalves', '1995-10-03', 59.1, 2, 3, 19, '4886-694'),
	(129, 'Duarte Correia Da Silva Taleigo', '1992-04-23', 107.4, 6, 4, 22, '5895-424'),
	(130, 'Alexandre Miguel Carrilho Teodósio', '2003-05-07', 100.1, 7, 3, 5, '9820-627'),
	(131, 'Jorge Teixeira De Pina', '1997-04-21', 48.1, 4, 4, 18, '9820-866'),
	(132, 'David Realista Grachat', '2017-02-14', 106.6, 1, 5, 22, '9696-736'),
	(133, 'José Pedro Ferreira Vieira', '2002-05-23', 42.8, 2, 4, 9, '9820-866'),
	(134, 'Ana Rita Da Silva Rego', '1994-07-07', 99.2, 8, 5, 22, '2303-371'),
	(135, 'Tiago Miguel Gonçalves Dos Santos Duarte', '2007-03-03', 100.4, 6, 1, 24, '6273-927'),
	(136, 'Tiago Miguel Dinis Pereira', '2006-09-13', 114.0, 4, 4, 18, '6273-927'),
	(137, 'Maria Pinto Reis Baptista Santos', '2008-03-28', 117.4, 8, 2, 4, '8610-365'),
	(138, 'Nuno Sousa Borges', '2012-12-27', 65.6, 9, 1, 19, '3691-746'),
	(139, 'Ivo David Lopes Isqueiro', '2014-02-16', 50.9, 8, 3, 2, '5895-424'),
	(140, 'Rafael Barata Domingos', '2001-09-15', 85.0, 5, 5, 1, '5895-424'),
	(141, 'Melanie Bronze Dos Santos', '1998-06-02', 116.3, 9, 3, 1, '7088-981'),
	(142, 'Bruno Manuel Barreto Moreira', '2019-10-17', 108.1, 7, 4, 19, '5895-424'),
	(143, 'David Rúben De Sousa Fernandes', '2019-01-09', 61.8, 6, 1, 24, '9820-866'),
	(144, 'Igor Samuel Valente Pinho', '2000-02-21', 98.4, 7, 4, 22, '8311-724'),
	(145, 'Tiago Valentim Henriques', '1990-11-16', 43.6, 7, 5, 24, '3233-439'),
	(146, 'Filipe Correia Granja', '2005-03-08', 58.0, 9, 4, 3, '2303-371'),
	(147, 'José Manuel Moreira Montalto Pereira Roque', '2009-12-15', 113.3, 1, 3, 14, '4886-694'),
	(148, 'Pedro Miguel Andre Silverio', '1991-07-21', 44.0, 3, 4, 14, '9820-866'),
	(149, 'Rui Dinis Cascalheira Tremoceiro', '1992-12-19', 105.5, 2, 4, 15, '9820-866'),
	(150, 'Inês Daniela Alves Pardilhó', '1996-12-16', 77.0, 3, 1, 6, '5928-671'),
	(151, 'Salvador Martinho Rocha De Nogueira Salvador', '1993-10-25', 71.4, 9, 4, 14, '7088-981'),
	(152, 'Alexandre Assunção Malveiro De Oliveira', '2005-02-08', 92.8, 7, 5, 18, '8311-724'),
	(153, 'Martim Mota Da Costa', '1992-09-19', 113.9, 2, 4, 3, '8311-724'),
	(154, 'Diogo Leitão Rêma Marques', '1995-10-06', 79.6, 5, 1, 22, '3233-439'),
	(155, 'Beatriz Fabiana Faria Sousa', '2006-11-23', 69.0, 9, 3, 18, '1803-901'),
	(156, 'Leonor Da Silva Silveira Gonçalves', '2011-10-12', 93.5, 9, 1, 17, '9029-475'),
	(157, 'Irina Maria Monteiro Pires', '2007-07-26', 67.4, 2, 4, 1, '5895-424'),
	(158, 'João André Fernandes Gonçalves', '2019-07-27', 103.3, 4, 5, 1, '8610-365'),
	(159, 'João Carlos Vieira Mendes Gamboa Dos Reis', '2012-06-08', 102.7, 1, 4, 8, '8203-470'),
	(160, 'Joana Dos Santos Resende', '1992-09-02', 72.8, 4, 4, 8, '3879-107'),
	(161, 'Maria João Pereira Santos', '1993-11-17', 107.3, 7, 1, 14, '9820-866'),
	(162, 'Tiago Marques Costa', '1993-09-17', 83.4, 4, 2, 20, '1214-165'),
	(163, 'Tomas Rocha De Macedo Barreto', '1990-09-11', 114.4, 9, 3, 15, '1238-793'),
	(164, 'Eduardo Aires Marques', '2018-05-11', 103.5, 6, 3, 7, '8311-724'),
	(165, 'José Pedro Lavado Francisco', '2016-11-13', 50.4, 4, 5, 13, '9820-627'),
	(166, 'Joana Cristina Lobato Crisóstomo', '2009-06-08', 70.0, 3, 4, 15, '1238-793'),
	(167, 'Diogo Gonçalo Caldeira Ramos', '1992-01-17', 87.0, 7, 5, 10, '9820-866'),
	(168, 'Cláudio Alexandre Costa Alves', '2018-04-19', 56.8, 8, 1, 20, '9696-736'),
	(169, 'Nuno Miguel De Campos Simões', '2003-04-19', 68.4, 6, 4, 12, '4886-694'),
	(170, 'Carlos Alberto Resende Rego', '1994-04-13', 65.0, 8, 5, 21, '8203-470'),
	(171, 'Lia Margarida Mota Sobral', '2001-11-28', 106.4, 9, 4, 3, '4886-694'),
	(172, 'Pedro Guia Lucas', '1990-02-24', 100.1, 5, 4, 11, '8610-365'),
	(173, 'Manuel Maria Paulo De Carvalho Vacas', '1999-09-03', 97.4, 3, 1, 6, '9820-627'),
	(174, 'Frederico Lacerda Nobre Machado Caetano', '2011-07-09', 105.6, 7, 2, 9, '6273-927'),
	(175, 'Helio Frederico De Sousa Hernandez', '1990-01-06', 91.0, 6, 4, 7, '9820-866'),
	(176, 'Filipe Miguel Gonçalves Reis', '2017-03-01', 64.8, 9, 3, 5, '3691-746'),
	(177, 'Filipe Alexandre Grebentsov', '2007-10-17', 104.6, 2, 1, 7, '1214-165'),
	(178, 'Pedro Barreiros Cardoso De Sousa', '2009-03-11', 96.2, 8, 4, 9, '1238-793'),
	(179, 'André Nuno Leitão Dias', '2013-04-15', 68.7, 2, 5, 16, '8311-724'),
	(180, 'Alexandre Miguel Paias Da Silva', '1997-10-04', 108.5, 6, 5, 5, '3233-439'),
	(181, 'Vera De Paiva Vilaça', '2013-06-10', 79.7, 7, 2, 20, '7088-981'),
	(182, 'Tiago Lemos Fonseca', '2009-09-16', 116.6, 5, 2, 14, '8311-724'),
	(183, 'Madalena Amaral Fortes Soares De Almeida', '1990-04-28', 60.0, 6, 1, 6, '5895-424'),
	(184, 'Ricardo Filipe Lopes Batista', '2011-12-13', 104.1, 3, 2, 14, '3879-107'),
	(185, 'Helena Moura De Paula Carvalho', '2019-07-11', 43.6, 4, 3, 11, '3233-439'),
	(186, 'Inês Isabel Maciel Fernandes', '2013-06-20', 71.4, 6, 5, 18, '5895-424'),
	(187, 'Maria Da Graça Da Silva Fernandes', '2000-08-25', 78.0, 2, 5, 11, '5928-671'),
	(188, 'Telma Alexandra Pinto Monteiro', '2016-03-15', 104.1, 9, 4, 5, '6607-432'),
	(189, 'Sergiu Oleinic', '2009-12-17', 58.3, 3, 5, 16, '8311-724'),
	(190, 'Jorge Ivayr Rodrigues Da Fonseca', '2000-09-24', 117.5, 5, 1, 21, '3691-746'),
	(191, 'Henrique Gonçalves Rosa Gomes', '1997-02-26', 97.1, 7, 3, 1, '8610-365'),
	(192, 'Filipe Roque Frazão', '1993-09-10', 46.2, 6, 1, 8, '7088-981'),
	(193, 'José Pedro Pinto Freitas', '2001-06-23', 42.4, 3, 3, 8, '6273-927'),
	(194, 'Sofia Maria Bentes De Oliveira Pinto', '2013-08-09', 77.5, 3, 4, 8, '5895-424'),
	(195, 'Bruno Marcelo Almeida Afonso', '1994-05-10', 84.1, 4, 1, 23, '4362-101'),
	(196, 'Marco Antonio Silva Apura', '1990-07-07', 94.3, 1, 3, 24, '9820-627'),
	(197, 'Ruben Manuel De Sá Vilas Boas', '2017-01-13', 55.4, 2, 1, 24, '4886-694'),
	(198, 'João Luís Peixoto Ribeiro', '1993-11-02', 113.0, 2, 1, 7, '3233-439'),
	(199, 'Miguel Angelo Lomba Rodrigues.', '1996-12-16', 72.2, 3, 3, 16, '9696-736'),
	(200, 'Filipe Miguel Quintans Ferreira', '2009-02-17', 45.3, 2, 2, 4, '6607-432'),
	(201, 'Fábio Renato Barbosa Coelho', '2009-08-12', 81.6, 2, 1, 3, '3934-537'),
	(202, 'Diogo André Rocha Silva', '2007-12-15', 76.0, 5, 3, 16, '8311-724'),
	(203, 'Dylan José Santos', '2000-08-11', 76.5, 9, 1, 23, '9820-627'),
	(204, 'Carlos Manuel Sousa Gonçalves Palma', '2018-12-19', 87.7, 5, 2, 22, '3691-746'),
	(205, 'Carlos Jorge Fernandes Peixoto', '2011-06-27', 47.9, 8, 3, 17, '9029-475'),
	(206, 'António Nelson Nogueira Matos', '2006-08-11', 54.8, 9, 5, 24, '9696-736'),
	(207, 'Adriano Filipe Oliveira Moleiro', '2019-04-14', 93.5, 1, 2, 11, '6273-927'),
	(208, 'Helder Miguel Correia Dos Santos', '2004-08-05', 113.4, 5, 4, 2, '5895-424'),
	(209, 'Vitor Miguel Guedes Pereira', '2016-04-17', 97.0, 6, 4, 3, '8610-365'),
	(210, 'Ricardo André Silva Simões', '1996-09-05', 103.0, 6, 2, 9, '8610-365'),
	(211, 'Luís Filipe Fernandes Canena', '1994-12-21', 107.0, 5, 3, 11, '4362-101'),
	(212, 'José Manuel Ramos Teixeira', '1993-04-11', 61.1, 3, 5, 21, '5928-671'),
	(213, 'Jorge Miguel Martins Fernandes', '2011-01-18', 61.2, 5, 5, 18, '9696-736'),
	(214, 'João Paulo Oliveira Moleiro', '2017-05-14', 45.1, 8, 5, 14, '3879-107'),
	(215, 'Marisa Soares Da Costa', '2002-01-09', 59.4, 6, 1, 18, '5928-671'),
	(216, 'Norberto António Santos', '2015-09-21', 103.5, 3, 2, 24, '5928-671'),
	(217, 'Paulo Jorge Duarte Lino', '2001-05-08', 92.4, 3, 1, 23, '9820-866'),
	(218, 'Ricardo Da Silva Pires', '2008-03-12', 82.3, 4, 1, 19, '9820-627'),
	(219, 'Tiago Fernando Pereira Martins Castro', '2007-01-27', 85.6, 3, 2, 2, '9820-627'),
	(220, 'Rui Manuel Figueira De Sousa', '2018-04-17', 72.7, 8, 4, 18, '2303-371'),
	(221, 'Carlos André Mesquita Lobo', '2002-05-20', 75.3, 8, 2, 12, '8311-724'),
	(222, 'César António Silva Morais', '1994-11-16', 107.3, 8, 2, 4, '3691-746'),
	(223, 'Daniel Barbosa Maia', '1996-04-16', 112.0, 2, 5, 17, '6607-432'),
	(224, 'Hélder Freitas Ornelas', '2005-06-05', 91.0, 9, 1, 20, '9029-475'),
	(225, 'João Carlos Santos Encarnação', '2001-03-08', 52.5, 2, 3, 9, '9696-736'),
	(226, 'Catarina Setim Madeira', '1993-05-19', 49.2, 5, 1, 17, '6607-432'),
	(227, 'Marta Alexandra Costa Alves', '2013-12-20', 117.9, 1, 1, 11, '4886-694'),
	(228, 'António Manuel Correia Charréu', '1992-10-13', 117.7, 4, 3, 22, '9696-736'),
	(229, 'Pedro Monteiro Walgode', '2000-09-19', 91.4, 3, 1, 24, '3233-439'),
	(230, 'Constança Ramos Sequeira', '2003-12-19', 73.7, 6, 3, 8, '1214-165'),
	(231, 'Pedro Viana Salvador', '1993-02-16', 51.4, 6, 2, 2, '9820-627'),
	(232, 'Luísa Maria Coimbra Cortes', '2017-01-09', 59.3, 7, 2, 7, '9696-736'),
	(233, 'Margarida Sá Pessoa De Oliveira', '2016-09-25', 118.4, 2, 3, 15, '5895-424'),
	(234, 'Carolina Nunes Monteiro', '2011-06-07', 103.1, 1, 5, 9, '9696-736'),
	(235, 'Miguel António Aires Moreira Pinto', '1992-09-26', 103.0, 7, 2, 15, '8311-724'),
	(236, 'Mariana Amaral Mendes', '1997-11-27', 87.3, 1, 1, 24, '6273-927'),
	(237, 'Maria Sande Nogueira Dos Santos Sampaio', '2016-09-16', 92.6, 3, 1, 20, '9820-866'),
	(238, 'Jéssica Joana Gonçalves Teixeira', '2013-12-24', 112.9, 3, 4, 8, '1803-901'),
	(239, 'Madalena Sofia Silva Lousa', '1997-09-06', 74.7, 7, 3, 21, '3233-439'),
	(240, 'Maria Martins Machado', '1997-01-11', 109.3, 1, 1, 6, '8610-365'),
	(241, 'Fabiana Inês Ribeiro Duarte', '1992-08-15', 42.8, 8, 3, 9, '3879-107'),
	(242, 'Joana Raquel Mota Bovião Monteiro', '2016-01-27', 111.5, 1, 3, 15, '5928-671'),
	(243, 'Beatriz Santos Fernandes Pereira', '2004-07-23', 100.8, 4, 4, 14, '6607-432'),
	(244, 'Alice Dos Santos Rodrigues', '2004-10-04', 65.4, 7, 5, 18, '3691-746'),
	(245, 'Ana Maria Meireles De Sousa', '2013-02-10', 70.7, 2, 1, 23, '8311-724'),
	(246, 'Manuela Sofia Homcy Freitas', '2007-04-21', 62.1, 5, 4, 24, '6273-927'),
	(247, 'Tiago Filipe Carvalho De Campos', '1999-01-23', 80.1, 5, 5, 11, '3233-439'),
	(248, 'Mafalda Sofia Jorge Rosa', '2012-08-12', 71.1, 5, 2, 5, '2303-371'),
	(249, 'Ana Beatriz Da Conceição Jardim', '2007-07-03', 97.3, 5, 4, 20, '8203-470'),
	(250, 'Inês Ribeiro Tavares', '2010-07-03', 41.7, 3, 4, 17, '9696-736'),
	(251, 'Carina Solange Lopes Paim', '2016-06-23', 61.3, 6, 5, 7, '9029-475'),
	(252, 'Guillaume Couto', '2003-06-06', 56.2, 9, 1, 10, '1238-793'),
	(253, 'Rodolfo Luís Serafin', '2007-11-14', 66.3, 8, 2, 3, '3879-107'),
	(254, 'Rafael Lázaro Guerreiro Rita', '1994-11-11', 66.9, 8, 2, 12, '3879-107'),
	(255, 'João Pedro Gamelas Da Cunha Rocha', '2009-05-05', 63.2, 1, 2, 24, '1214-165'),
	(256, 'Bruno Ferreira Da Silva', '2003-05-18', 61.8, 7, 5, 14, '4362-101'),
	(257, 'Beatriz Cordeiro Martins', '2003-04-06', 69.6, 9, 1, 6, '3934-537'),
	(258, 'Maria Pia Magalhães Gomes Martins', '1990-07-02', 42.1, 2, 4, 7, '8610-365'),
	(259, 'Raquel Casqueiro Morais Fernandes', '2013-04-22', 81.3, 7, 4, 9, '6607-432'),
	(260, 'Ricardo Alexandre Azedo Fernandes', '1992-12-25', 40.9, 7, 5, 22, '1238-793'),
	(261, 'João Paulo Matias Azevedo', '1998-12-14', 76.7, 1, 4, 14, '7088-981'),
	(262, 'Armelim Filipe Coelho Rodrigues', '2004-11-16', 111.3, 4, 1, 23, '3879-107'),
	(263, 'José Manuel Bruno Faria', '1991-04-03', 100.0, 9, 1, 9, '4362-101'),
	(264, 'Manuel Maria Da Mota Neves Vieira Da Silva', '1996-11-01', 43.3, 8, 5, 22, '3691-746'),
	(265, 'João Francisco Sousa Jordão Carvalheiro', '2019-02-12', 48.5, 8, 3, 8, '8311-724'),
	(266, 'Pedro Miguel Contreiras Sabido', '1993-11-09', 51.2, 7, 1, 9, '1238-793'),
	(267, 'Carlos Augusto Torres Da Silva Maia', '2009-04-02', 67.5, 9, 3, 22, '3934-537'),
	(268, 'António Alberto Galveia Neves Azevedo', '2018-04-06', 89.2, 4, 2, 10, '9820-866'),
	(269, 'Fernando Manuel Correia Sebastião', '2000-09-15', 61.8, 1, 1, 7, '3233-439'),
	(270, 'Rita Henriques Vieira', '2010-05-05', 91.8, 1, 5, 4, '1214-165'),
	(271, 'Maria João Castro Sousa Cabral Mendes', '2014-03-18', 96.9, 1, 1, 18, '6273-927'),
	(272, 'Madalena Sarmento Tavares Durão Cavilhas', '2004-12-05', 84.2, 8, 2, 6, '6273-927'),
	(273, 'Isis Carolina Branco Coutinho', '2004-01-24', 55.1, 9, 1, 7, '4886-694'),
	(274, 'Henrique Alexandre Abana Moreira', '1996-07-20', 53.4, 8, 2, 15, '6607-432'),
	(275, 'Diogo Fernando Ramalho Vilela', '2016-11-02', 67.3, 9, 2, 9, '2303-371'),
	(276, 'Diana Martins Silva', '2014-07-06', 68.1, 7, 2, 10, '8203-470'),
	(277, 'Ana Rita Costa Fontes', '2003-04-20', 56.2, 8, 4, 18, '7088-981'),
	(278, 'Ana Rita Albuquerque Fernandes Mendes Pratas', '2016-01-16', 107.0, 4, 3, 12, '9696-736'),
	(279, 'Francisca Billwiller Pereira Almeida Cancela', '1999-08-05', 101.7, 4, 5, 5, '5928-671'),
	(280, 'Liana Da Silva Asseiceiro', '2010-02-17', 57.1, 5, 3, 16, '9820-866'),
	(281, 'Tiago Sampaio Romão', '2015-04-13', 82.6, 9, 2, 20, '1214-165'),
	(282, 'Matilde Correia Brilhante', '2002-07-13', 74.1, 7, 5, 17, '8610-365'),
	(283, 'Gonçalo José Lourenço Martins', '2002-02-19', 64.2, 4, 3, 21, '1214-165'),
	(284, 'Diogo Lopes Romero', '1996-06-17', 117.5, 4, 3, 19, '3879-107'),
	(285, 'Beatriz Oliveira Rodrigues', '2002-10-17', 60.8, 1, 3, 9, '9696-736'),
	(286, 'Cláudia Rodrigues Ferreira', '1992-02-08', 88.6, 9, 4, 24, '5895-424'),
	(287, 'Filipe Daniel Santos Vitorino', '1995-07-27', 97.2, 8, 4, 12, '1238-793'),
	(288, 'Irina Cristiana Carreira Rodrigues', '2002-11-04', 97.1, 7, 3, 19, '3233-439'),
	(289, 'Carolina Figueira Costa', '2014-10-26', 112.4, 8, 1, 24, '3691-746'),
	(290, 'Fatoumata Binta Diallo', '2006-08-22', 48.8, 4, 3, 1, '3934-537'),
	(291, 'Rogério Filipe Baptista Do Amaral', '1998-10-03', 56.9, 3, 5, 23, '1238-793'),
	(292, 'Joana Simões Pontes', '2000-01-05', 71.8, 3, 5, 23, '4362-101'),
	(293, 'José Carlos Marques Pinto', '2018-03-10', 73.5, 8, 1, 17, '3934-537'),
	(294, 'Rúben Filipe Ferreira De Sousa', '1990-05-22', 112.3, 6, 2, 13, '4886-694'),
	(295, 'Alexandre Vieira Figueiredo', '2009-12-14', 108.7, 3, 2, 24, '4886-694'),
	(296, 'Hugo Miguel Lemos Rocha', '2009-07-07', 105.8, 4, 1, 8, '2303-371'),
	(297, 'Maria Carolina De Santa Rita Oliveira Duarte', '2010-08-25', 51.2, 3, 1, 22, '3691-746'),
	(298, 'Mário Miguel Pereira Trindade', '1992-02-02', 106.4, 7, 1, 21, '9696-736'),
	(299, 'Antonio Jose Monteiro Lopes', '2013-09-26', 79.9, 7, 5, 4, '9820-866'),
	(300, 'Carlos Manuel Silva Borges Duarte', '2013-11-17', 93.5, 5, 4, 19, '4886-694'),
	(301, 'Cristiano Alexandre Teixeira Correia', '2018-12-09', 65.1, 7, 4, 15, '3934-537'),
	(302, 'Diogo André Oliveira Lopes', '1990-11-20', 96.5, 8, 2, 24, '8610-365'),
	(303, 'João Miguel Soldado Gonçalves', '1995-11-22', 65.1, 9, 2, 20, '8203-470'),
	(304, 'Eduardo Holanda Silva Fontelles Lima', '2000-12-27', 87.4, 4, 3, 20, '9820-627'),
	(305, 'Fabio Marco Mendonça Câmara', '2009-10-01', 119.2, 9, 5, 3, '5895-424'),
	(306, 'João Pedro Teixeira Rodrigues', '1995-11-15', 95.9, 1, 5, 17, '4362-101'),
	(307, 'Fábio Pinto Soares', '2016-05-14', 56.7, 5, 3, 4, '4362-101'),
	(308, 'José António Dos Santos Cunha', '2018-10-09', 45.9, 8, 2, 11, '4362-101'),
	(309, 'Rúben Xavier Couto Santos', '1991-10-09', 58.9, 3, 4, 24, '8311-724'),
	(310, 'João Miguel Jesus Gonçalves', '2001-08-06', 89.0, 7, 5, 1, '1214-165'),
	(311, 'Patricia Alexandra Silva Santos', '1995-10-07', 85.3, 2, 3, 19, '9029-475'),
	(312, 'Inês Rodrigues Matos', '2011-11-11', 53.9, 1, 5, 10, '3691-746'),
	(313, 'Gonçalo Afonso Freitas Sousa Ramos Gomes', '2015-05-17', 62.6, 4, 5, 19, '1214-165'),
	(314, 'Diogo Jiahong Chen', '2009-10-05', 112.6, 5, 3, 12, '4886-694'),
	(315, 'João Pedro Ferreiro Geraldo', '2007-09-04', 56.5, 1, 2, 3, '5928-671'),
	(316, 'Marcos André Sousa Silva Freitas', '1999-10-23', 68.5, 4, 1, 19, '3691-746'),
	(317, 'Silvia Lopes Santos', '1991-01-26', 71.5, 3, 3, 14, '8610-365'),
	(318, 'Rodrigo Dourado Fernandes', '2004-12-11', 67.9, 6, 4, 16, '9820-866'),
	(319, 'Pedro Miguel Da Silva Borralho', '1998-09-03', 71.5, 3, 2, 15, '6607-432'),
	(320, 'Ricardo Manuel Sebastião Colaço', '2017-04-09', 113.2, 9, 5, 19, '5895-424'),
	(321, 'Maria Inês Coelho De Barros', '2012-11-19', 109.7, 8, 5, 3, '9820-627'),
	(322, 'José Manuel Matos Alves Da Silva', '2006-09-11', 68.1, 7, 2, 5, '1238-793'),
	(323, 'Antero Augusto Lima Ferreira', '1994-08-17', 86.4, 1, 4, 12, '9029-475'),
	(324, 'Carolina Taboada Rocha', '2007-11-04', 65.5, 4, 4, 18, '6607-432'),
	(325, 'Beatriz Gonçalves Andrade Coelho Da Silva', '2016-03-14', 54.9, 3, 5, 7, '6607-432'),
	(326, 'Marta Prata Teixeira', '2005-10-11', 88.3, 2, 3, 7, '6273-927'),
	(327, 'Carina Gonçalves Luís', '1993-06-24', 51.8, 4, 1, 12, '5928-671'),
	(328, 'Maria Carolina Cruse Ribeiro Gomes Martins', '1994-05-28', 105.0, 7, 5, 7, '2303-371'),
	(329, 'Rui Filipe Alves Oliveira', '2006-07-18', 65.4, 1, 5, 4, '6273-927'),
	(330, 'Marta Alexandra Araújo Branco', '2000-01-08', 71.5, 1, 4, 24, '9029-475'),
	(331, 'Gonçalo Manuel Canelas Ferreira', '2007-11-25', 76.6, 3, 3, 24, '3233-439'),
	(332, 'Vitorino Tavares Rodrigues', '2005-02-16', 40.1, 7, 1, 16, '9820-866'),
	(333, 'Duarte Leitão Maia Benavente', '2017-12-08', 96.7, 3, 1, 9, '3934-537'),
	(334, 'Diogo Vilela Daniel', '1991-03-22', 98.0, 7, 2, 19, '5895-424'),
	(335, 'Mariana Maria Gomes Afonso', '1995-12-06', 115.2, 6, 3, 14, '1803-901'),
	(336, 'Beatriz Dias Monteiro', '1990-05-12', 80.7, 8, 2, 10, '8610-365'),
	(337, 'Davide Samuel Almeida Machado', '2000-07-03', 45.1, 8, 2, 17, '9820-627'),
	(338, 'Tamila Hryhorivna Holub', '2016-07-10', 80.8, 6, 1, 12, '9820-866'),
	(339, 'Tiago Roberto Carvalho Teixeira Cordeiro', '1995-09-01', 102.5, 3, 4, 24, '9029-475'),
	(340, 'Rita Antas De Barros Frischknecht', '2005-05-11', 83.3, 7, 1, 15, '1238-793'),
	(341, 'Catia Iordan Agostinho', '2014-11-08', 78.1, 1, 5, 8, '6607-432'),
	(342, 'Lourenço Peres Rodrigues Mateus', '2000-08-23', 75.6, 3, 1, 3, '3934-537'),
	(343, 'Pedro Miguel Corte Moura', '1990-12-20', 92.1, 5, 5, 15, '9820-866'),
	(344, 'José Leonel Figueiredo Araújo Ramalho', '1999-10-09', 40.2, 3, 2, 21, '1803-901'),
	(345, 'Maria João Azevedo Barbosa', '1993-10-11', 49.8, 9, 4, 11, '8203-470'),
	(346, 'Emanuel Vitorino Rolim', '1991-12-16', 102.6, 1, 3, 24, '8203-470'),
	(347, 'Catarina Sofia Fernandes Guerreiro', '1992-12-20', 50.8, 1, 4, 3, '7088-981'),
	(348, 'Nuno Manuel Silva Pereira', '2018-08-11', 111.8, 3, 3, 7, '7088-981'),
	(349, 'Isaac Zambujeiro Nader', '1996-07-03', 119.4, 8, 3, 12, '3934-537'),
	(350, 'Marta Da Silva Gomes Lucena Caride', '2016-10-20', 106.4, 3, 3, 4, '3233-439'),
	(351, 'Carolina Magano Fernandes', '2001-09-27', 41.3, 7, 1, 1, '2303-371'),
	(352, 'Max Carmo Falcão', '2018-10-24', 103.1, 6, 2, 19, '5895-424'),
	(353, 'Baltasar Silva E Cunha Plou De Melo', '1997-02-25', 102.4, 8, 1, 21, '8203-470'),
	(354, 'Manuel Da Veiga Malta De Sousa Nunes', '2007-10-21', 95.7, 9, 5, 6, '4362-101'),
	(355, 'António Carlos Araújo Da Cunha', '1992-04-28', 96.9, 4, 1, 7, '5928-671'),
	(356, 'Martim Miguel De Sousa Otto', '1999-11-10', 104.9, 6, 1, 24, '2303-371'),
	(357, 'Manuel Maria Godinho Maia', '2016-05-12', 55.6, 3, 4, 7, '4886-694'),
	(358, 'Rodrigo Broeiro Bento', '2012-01-25', 98.5, 5, 5, 23, '4886-694'),
	(359, 'Duarte Maria Viana Fernandes Conde', '1994-04-21', 40.6, 4, 5, 10, '8311-724'),
	(360, 'Diogo Sousa Coutinho Lucas Rodrigues', '2018-10-22', 85.5, 2, 3, 12, '9029-475'),
	(361, 'José Maria Ribeiro De Carvalho Cavalleri', '2004-03-05', 106.1, 5, 1, 20, '4362-101'),
	(362, 'Simão Broeiro Bento', '2008-01-25', 66.5, 9, 4, 14, '9820-627'),
	(363, 'Lourenço De Bivar Weinholtz Rangel De Lima', '1994-10-24', 84.4, 9, 4, 5, '1238-793'),
	(364, 'Miguel Pedro Nunes', '1995-11-21', 86.9, 6, 4, 22, '4362-101'),
	(365, 'João Maria Ataide Amaral Pedroso De Lima', '2006-11-22', 104.0, 7, 2, 12, '3691-746'),
	(366, 'Gonçalo Ventura Afonso Barbosa', '2019-12-07', 67.0, 5, 5, 13, '6273-927'),
	(367, 'Vasco Teixeira Da Silva Macieira Durão', '2004-04-08', 46.5, 8, 3, 12, '9820-627'),
	(368, 'Diogo Feliciano Salgado', '1994-11-16', 117.8, 3, 2, 18, '1238-793'),
	(369, 'João Nobre Alveirinho Correia', '2008-02-03', 117.7, 1, 5, 17, '6607-432'),
	(370, 'Duarte Grout Da Costa Campos', '1999-02-22', 47.3, 9, 5, 10, '5928-671'),
	(371, 'Simon André Furtado Burke', '1990-10-28', 98.0, 4, 5, 21, '5895-424'),
	(372, 'Francisco Maria Medeiros Dos Santos Condeço Da Silva', '2018-08-05', 82.3, 2, 2, 24, '9696-736'),
	(373, 'Francisco Carvalho Gonçalves Pedro', '2015-04-03', 66.6, 8, 4, 19, '3691-746'),
	(374, 'João Maria Pessoa De Figueiredo Tamagnini De Sousa', '2014-04-03', 105.6, 2, 3, 2, '2303-371'),
	(375, 'Miguel Gonçalves Alvarez Seoane', '2011-12-19', 106.3, 5, 5, 16, '8203-470'),
	(376, 'Joaquim Maria De Almeida Tete Félix António', '2016-08-24', 57.0, 8, 4, 7, '1238-793'),
	(377, 'Francisco Martins Salgado', '1999-03-10', 109.4, 2, 2, 3, '4886-694'),
	(378, 'Sara Dias Gouveia Rocha', '1991-04-25', 93.0, 7, 3, 18, '3233-439'),
	(379, 'Maria Rodrigues Tomé', '2002-10-01', 98.3, 4, 4, 10, '4362-101'),
	(380, 'Martim Lobo Martins D Orey Meneres', '2009-05-03', 118.4, 6, 3, 10, '4362-101'),
	(381, 'Mónica Cristina Barradas Carvalhão Cruz De Lima', '2006-11-12', 71.3, 7, 4, 19, '4362-101'),
	(382, 'Marta Fradique Marçal Siva Oliveira', '2011-12-09', 44.9, 4, 2, 18, '3691-746'),
	(383, 'Telma Filipa Da Mota Pereira', '2006-11-11', 112.8, 6, 3, 14, '3934-537'),
	(384, 'Beatriz Silva Tavares', '2002-05-20', 77.2, 7, 5, 20, '4362-101'),
	(385, 'Ana Maria Ursu', '2008-11-01', 79.2, 5, 5, 4, '9820-866'),
	(386, 'Ricardo Nuno Ferreira Martins', '2015-10-03', 50.0, 5, 5, 21, '7088-981'),
	(387, 'Rui Luis Oliveira Pereira', '1997-12-23', 106.4, 6, 2, 22, '4886-694'),
	(388, 'Carlos Henrique Vieira De Carvalho', '2001-04-13', 82.5, 4, 5, 4, '1238-793'),
	(389, 'Sandro Ricardo Sousa Freitas', '1994-10-24', 113.9, 1, 2, 2, '1214-165'),
	(390, 'Inês Gaspar Murta', '2003-10-03', 52.4, 4, 5, 22, '9696-736'),
	(391, 'João Frederico Limpo Franco Gil', '1997-03-13', 66.2, 4, 4, 2, '3691-746'),
	(392, 'Gastão José Ministro Elias', '2013-10-13', 40.5, 6, 1, 18, '9820-627'),
	(393, 'Maria Inês Ribeiro Farroco Da Fonte', '2015-09-10', 100.8, 5, 2, 12, '5895-424'),
	(394, 'Tiago De Lima Bertolo Boschmans', '1996-07-14', 106.5, 8, 5, 1, '8610-365'),
	(395, 'Rodrigo Gonçalves Fernandes', '1990-04-01', 50.4, 1, 4, 8, '3934-537'),
	(396, 'Duarte Camilo Mestre', '1997-08-08', 90.2, 5, 2, 9, '4886-694'),
	(397, 'Daniel Mauricio Marincas', '1990-11-15', 97.7, 2, 2, 21, '3233-439'),
	(398, 'Gonçalo Jorge Costa Alves', '2003-09-06', 101.6, 9, 1, 15, '4886-694'),
	(399, 'Carla Silva Oliveira', '1991-05-21', 75.0, 6, 1, 13, '7088-981'),
	(400, 'Fábio André Oliveira Moleiro', '1990-07-04', 111.5, 2, 1, 17, '2303-371'),
	(401, 'Cristina Maria De Jesus Gonçalves', '1992-06-12', 44.8, 3, 2, 12, '1214-165'),
	(402, 'Vasco Guerra Martins De Araújo Correia', '1999-10-06', 72.8, 3, 2, 9, '1238-793'),
	(403, 'José Carlos Da Silva Macedo', '2005-03-27', 104.5, 1, 2, 20, '4362-101'),
	(404, 'Filipa Afonso Marracho', '2017-05-28', 43.9, 2, 5, 3, '9696-736'),
	(405, 'Gabriela Alexandra Cardoso Ribeiro', '2015-08-17', 79.8, 3, 5, 5, '6273-927'),
	(406, 'Patricia Mbengani Bravo Mamona', '2010-02-02', 84.6, 3, 1, 6, '9820-866'),
	(407, 'Nélson Évora', '2005-08-19', 88.8, 2, 5, 11, '3879-107'),
	(408, 'José Pedro Alvarenga Lopes', '2001-01-24', 88.1, 1, 1, 15, '7088-981'),
	(409, 'Ana Rita Nogueira Marques Gomes', '1997-08-14', 110.2, 2, 5, 21, '4362-101'),
	(410, 'Maria Odete Ferreira Fiúza', '1996-09-16', 92.0, 4, 2, 20, '9820-866'),
	(411, 'Raquel Trindade Martins', '2016-05-15', 101.8, 2, 3, 8, '3691-746'),
	(412, 'Vitor Hugo Amorim Flores', '1997-08-20', 57.6, 6, 2, 24, '1238-793'),
	(413, 'Luana Codinha Periquito', '1996-09-14', 76.5, 6, 1, 10, '1803-901'),
	(414, 'Nádia Priscíla Rodrigues', '2000-05-08', 75.1, 1, 5, 4, '1238-793'),
	(415, 'Inês Rodrigues Laranjeira', '2019-06-28', 93.3, 7, 5, 7, '5928-671'),
	(416, 'Beatriz Dos Anjos Andrês Carvalhais Figueiredo', '2016-07-20', 107.1, 7, 2, 10, '8610-365'),
	(417, 'Inês Cristina Freitas Duarte', '1991-01-06', 101.0, 3, 4, 3, '5928-671'),
	(418, 'Vasco Pinto Bessa', '1996-11-01', 54.0, 7, 5, 2, '5895-424'),
	(419, 'Ana Luísa Monteiro Walgode', '2019-10-09', 116.9, 8, 3, 9, '1238-793'),
	(420, 'Daniela Filipa Lopes Dias', '2013-06-03', 67.2, 5, 3, 4, '8311-724'),
	(421, 'João Miguel Carvalho Maló', '2014-04-24', 96.2, 4, 3, 4, '6273-927'),
	(422, 'João Pedro Hora Marques Maio Pereira', '2010-10-16', 110.5, 8, 5, 12, '9696-736'),
	(423, 'Afonso Pinhal Do Canto', '1999-09-14', 67.0, 4, 3, 22, '3233-439'),
	(424, 'Marco António Dos Santos Pereira Miguel', '1990-01-05', 40.2, 7, 4, 24, '8311-724'),
	(425, 'Henrique Alberto Amorim Rocha', '2004-06-28', 66.5, 7, 4, 23, '1238-793'),
	(426, 'Bárbara Filipa Saldanha Bica', '2007-12-04', 81.6, 2, 2, 8, '5895-424'),
	(427, 'Duarte Dos Santos Gomes', '2011-08-24', 101.9, 3, 5, 2, '3691-746'),
	(428, 'Jessica Patricia Albino Morais Barreira', '2008-03-20', 91.2, 8, 3, 8, '3934-537'),
	(429, 'Sara Alexandra Rodrigues Araújo', '2015-01-01', 114.0, 1, 1, 3, '9820-627'),
	(430, 'Mariana Palma Da Silva Cascalheira', '2010-05-10', 83.1, 6, 3, 21, '3691-746'),
	(431, 'Ana Belmonte Travassos Campos Oliveira', '2017-03-27', 47.4, 5, 3, 16, '4886-694'),
	(432, 'Catarina Sustelo Marianito Nunes', '2013-02-08', 79.1, 2, 5, 5, '2303-371'),
	(433, 'Beatriz Araújo Dias', '1995-03-12', 44.5, 4, 3, 15, '6273-927'),
	(434, 'Frederico Paramos Merino Freire Baptista', '2014-09-05', 85.3, 4, 4, 4, '3879-107'),
	(435, 'Maria De Castro Pereira', '2014-03-22', 97.6, 3, 3, 10, '9696-736'),
	(436, 'Mafalda Cândido Gonçalves', '2007-05-12', 47.2, 1, 3, 11, '4362-101'),
	(437, 'Manuel Braga Fortunato', '1990-07-28', 67.4, 3, 1, 23, '9696-736'),
	(438, 'Henrique Pinto Nunes Da Silva', '1997-09-27', 45.9, 9, 5, 24, '1803-901'),
	(439, 'Gabriel Sobral Monteiro Albuquerque', '2000-06-02', 57.8, 4, 4, 16, '6607-432'),
	(440, 'Sara Juromito Silva', '2004-08-25', 73.2, 9, 5, 8, '3879-107'),
	(441, 'Adolfo Alexandre Reis Barão', '2003-06-16', 109.3, 8, 4, 6, '4886-694'),
	(442, 'Ana Alexandre Afonso Pereira Vale', '2016-01-17', 60.1, 4, 3, 9, '6607-432'),
	(443, 'Maria Carolina Gil Nogueira Ferreira', '1992-09-04', 69.8, 6, 2, 7, '9029-475'),
	(444, 'João Nuno Gaioso Vaz Fidalgo', '1994-12-22', 118.0, 8, 3, 10, '9696-736'),
	(445, 'Juliana Filipa Silvestre Guerreiro', '2016-01-04', 88.9, 9, 1, 3, '9696-736'),
	(446, 'Catarina De Santana Frazão Karas', '1994-02-11', 78.9, 3, 4, 19, '3879-107'),
	(447, 'Joana Isabel Canhoto Pissarra', '2004-10-05', 116.3, 2, 2, 16, '2303-371'),
	(448, 'Tiago Filipe Sousa Freitas', '1999-01-17', 108.0, 6, 2, 14, '9029-475'),
	(449, 'Gustavo Baptista Pato', '2019-08-06', 55.6, 9, 1, 3, '4362-101'),
	(450, 'Miguel Alexandre Félix Afonso', '2017-01-08', 83.6, 4, 1, 2, '3934-537'),
	(451, 'Afonso Duarte Jorge Severino', '1998-05-18', 83.2, 8, 5, 20, '6607-432'),
	(452, 'André Pereira Pinto', '1992-07-19', 78.2, 1, 2, 4, '9820-627'),
	(453, 'André Lucas Pimenta', '1995-10-13', 97.7, 3, 1, 18, '4362-101'),
	(454, 'João Ricardo Agostinho Coelho', '1991-04-16', 44.9, 2, 5, 8, '2303-371'),
	(455, 'Beatriz Serafim Gameiro Sanheiro', '2009-02-21', 90.2, 8, 1, 17, '9820-866'),
	(456, 'Mariana De Carvalho Vidal Reis Esteves', '2013-03-15', 73.1, 2, 5, 19, '3233-439'),
	(457, 'Joana Isabel Ventura Ramos', '2004-10-09', 68.4, 4, 2, 7, '6273-927'),
	(458, 'Yahima Menéndez Ramirez', '2016-02-14', 46.5, 3, 3, 15, '8610-365'),
	(459, 'Francisco Luís Simões Mendes', '2019-10-01', 52.5, 9, 5, 23, '6607-432'),
	(460, 'Tânia Machado De Barros', '1993-06-20', 48.8, 7, 4, 24, '8610-365'),
	(461, 'Beatriz Costa Basto', '2017-11-11', 92.9, 6, 1, 7, '8610-365'),
	(462, 'Beatriz Do Carmo Rodrigues', '2007-03-04', 97.2, 7, 2, 10, '3233-439'),
	(463, 'Maria Bettencourt Da Câmara Maio', '2008-08-03', 44.4, 2, 3, 6, '5928-671'),
	(464, 'Joana Raquel Martins Resende', '1995-08-25', 63.1, 9, 3, 18, '9820-627'),
	(465, 'Barbara Sofia Da Cunha Moreira Gomes', '2009-02-07', 89.2, 7, 3, 13, '3691-746'),
	(466, 'Aline Timm Rodrigues', '1995-02-18', 79.2, 6, 1, 13, '3879-107'),
	(467, 'Pedro Miguel Teixeira Dos Santos', '2006-10-09', 53.7, 6, 1, 9, '8203-470'),
	(468, 'Maria Vânia De Oliveira Franco', '1999-02-16', 44.2, 1, 4, 13, '5895-424'),
	(469, 'Elisabete Dos Santos Marques Jacinto', '2018-04-03', 110.6, 6, 5, 7, '9029-475'),
	(470, 'Gonçalo Pereira Rollo Garcia', '1993-03-09', 91.5, 1, 4, 19, '3691-746'),
	(471, 'André Filipe Garcias José', '2014-10-17', 74.1, 1, 1, 23, '2303-371'),
	(472, 'Francisco José Ribau Amarante', '2014-04-12', 50.5, 4, 4, 13, '7088-981'),
	(473, 'Miguel Lourenço Correia', '2010-04-22', 104.8, 5, 4, 5, '6607-432'),
	(474, 'Gustavo Brandão Teixeira', '1996-11-12', 61.5, 1, 3, 24, '9029-475'),
	(475, 'João Domingos Purificaçao Barata Guerreiro', '2011-06-03', 91.2, 3, 3, 10, '1803-901'),
	(476, 'Sara Purificação Barata Guerreiro', '2008-05-18', 119.7, 2, 1, 22, '5928-671'),
	(477, 'Sara Dos Santos Seabra', '2006-08-19', 105.1, 2, 2, 5, '5895-424'),
	(478, 'Filipe Alexandre Da Silva Marques', '2003-03-11', 52.7, 7, 2, 6, '9820-627'),
	(479, 'João Pedro Lopes Da Silva', '2015-05-11', 84.2, 1, 1, 20, '5928-671'),
	(480, 'Vasco De Paiva Vilaça', '2017-11-11', 56.0, 5, 1, 21, '6273-927'),
	(481, 'José Paulo Pereira E Silva', '2006-09-14', 72.8, 2, 4, 8, '1238-793'),
	(482, 'Catarina Carneiro Da Mota', '1993-10-13', 47.4, 6, 4, 7, '1803-901'),
	(483, 'Tânia Filipa Delgado Ferreira', '2013-02-18', 61.8, 1, 5, 1, '5895-424'),
	(484, 'Filip Cveticanin', '1995-11-07', 112.9, 4, 5, 22, '9696-736'),
	(485, 'Phelipe Mendes Martins', '2010-01-03', 56.6, 7, 4, 11, '9820-627'),
	(486, 'Beatriz Lino Casalou Domingues', '1999-04-27', 112.5, 4, 5, 6, '8311-724'),
	(487, 'Mariana Diogo Braz Sustelo Marianito', '1999-11-06', 67.4, 6, 3, 9, '9820-866'),
	(488, 'Tomás Santos Silvestre Nobre Coelho', '2002-10-19', 84.9, 6, 3, 14, '8610-365'),
	(489, 'Bárbara Catarina Da Silva Sequeira', '2010-09-03', 119.1, 8, 4, 6, '8311-724'),
	(490, 'Juliana Costa Guerreiro', '2000-12-21', 54.9, 4, 1, 24, '1214-165'),
	(491, 'Eduardo Jorge Pereira Carvalho Correia De Oliveira', '1997-02-10', 58.7, 3, 3, 16, '6607-432'),
	(492, 'Catarina Miranda Mateus', '1994-09-09', 56.5, 8, 2, 13, '9696-736'),
	(493, 'Nuno Matias Baptista Dionísio Carneiro', '2014-06-17', 109.1, 4, 4, 13, '2303-371'),
	(494, 'Guilherme Sousa Mota', '2008-10-19', 85.1, 9, 2, 22, '1238-793'),
	(495, 'Daniel Filipe Vilar Dias', '2012-09-24', 88.1, 7, 5, 15, '4362-101'),
	(496, 'Hugo Rafael Andrade Nunes', '2000-11-05', 89.6, 6, 2, 9, '6273-927'),
	(497, 'Pedro Joaquim Silva Andrade', '2002-01-14', 60.6, 3, 5, 21, '3233-439'),
	(498, 'Gonçalo Henrique Matos Carvalho', '2017-02-07', 52.2, 7, 2, 23, '1803-901'),
	(499, 'Rúben Miguel Dias Simão', '1997-08-09', 59.5, 9, 4, 16, '2303-371'),
	(500, 'Ricardo Hernâni Costa Gouveia', '2016-10-13', 78.1, 4, 4, 4, '9696-736'),
	(501, 'Américo Joaquim De Sousa Caldeira', '2000-11-13', 54.0, 8, 1, 21, '4886-694'),
	(502, 'Mariana Rodrigues Paradinha Martins Belo', '2010-10-12', 63.3, 9, 1, 10, '5928-671'),
	(503, 'Carolina Rodrigues Oliveira', '1991-07-17', 107.4, 7, 2, 5, '8610-365'),
	(504, 'Rui Tomás Sernadas Oliveira', '1996-10-01', 63.5, 1, 1, 5, '3691-746'),
	(505, 'Tomás Ribeiro Lima E Carmo Pedro', '2008-05-22', 92.4, 8, 5, 2, '4362-101'),
	(506, 'Pedro Freitas Marques De Arede', '2016-05-19', 75.0, 8, 5, 13, '9029-475'),
	(507, 'João Luis Ignez Jorge De Ramirez Cordeiro', '2003-04-10', 115.4, 9, 4, 13, '5928-671'),
	(508, 'Miguel Roque Frazão', '2014-07-13', 44.0, 9, 4, 1, '9820-866'),
	(509, 'Luis Miguel Pinto Costa', '2015-01-25', 43.2, 8, 1, 7, '9029-475'),
	(510, 'Flávio Miguel Mestre Pacheco', '2015-05-23', 86.4, 5, 1, 23, '1238-793'),
	(511, 'David João Serralheiro Rosa', '1998-12-08', 88.2, 7, 5, 6, '5928-671'),
	(512, 'Susana Catarina Rocha Carvalheira', '1993-07-18', 109.1, 8, 4, 19, '6273-927'),
	(513, 'Joana Maria Redondo Diogo', '1996-10-26', 89.6, 1, 4, 22, '3934-537'),
	(514, 'Tiago Oliveira Rodrigues', '2001-10-19', 93.0, 9, 3, 21, '5895-424'),
	(515, 'Carlos Alberto Luz', '2013-06-14', 88.2, 2, 2, 15, '9696-736'),
	(516, 'Rodrigo José De Amorim Martins', '2012-03-02', 107.4, 4, 3, 9, '1803-901'),
	(517, 'Amanda De Oliveira Cavalcanti', '1996-11-03', 85.5, 1, 5, 2, '3934-537'),
	(518, 'Miguel Tavares Rodrigues', '1995-02-11', 65.8, 6, 4, 16, '2303-371'),
	(519, 'Bruno Santos Cunha', '2003-02-17', 59.0, 1, 5, 18, '2303-371'),
	(520, 'João Pedro Tavares Simões', '2019-01-17', 72.3, 9, 5, 15, '1803-901'),
	(521, 'Fabiola Catarina Fernandes Gomes', '2010-03-27', 114.3, 6, 5, 15, '6273-927'),
	(522, 'Januário Do Alvar Ramos Figueiredo E Silva', '2013-04-20', 87.3, 4, 5, 1, '6273-927'),
	(523, 'Lourenço Garcia Martins', '2004-03-24', 104.3, 7, 3, 13, '3691-746'),
	(524, 'Abílio Manuel Bessa Valente', '2008-09-22', 78.6, 8, 5, 11, '3691-746'),
	(525, 'Alexandre Miguel Bernardino Nobre', '2011-06-04', 63.2, 7, 2, 16, '9820-627'),
	(526, 'Inês Carmo Marques Rico', '1997-04-07', 101.9, 2, 4, 4, '3691-746'),
	(527, 'Francisca Quelhas Sampaio Maia', '1997-07-19', 55.7, 4, 1, 12, '7088-981'),
	(528, 'David António Lagarto Varela', '1999-09-06', 78.4, 2, 1, 7, '1238-793'),
	(529, 'Vanina Rosalie Guerillot', '2007-10-10', 106.9, 2, 2, 24, '1803-901'),
	(530, 'Manuel Lopes Tavares De Almeida Ramos', '1997-11-28', 49.9, 5, 2, 17, '9696-736'),
	(531, 'João Oliveira Moreira Domingues', '2008-05-10', 84.1, 3, 4, 3, '9029-475'),
	(532, 'Gonçalo Serra Marques', '1999-06-14', 104.1, 3, 3, 5, '8203-470'),
	(533, 'Lucas Honório Santos', '2011-10-19', 89.6, 8, 5, 19, '9029-475'),
	(534, 'João Bernardo Leal De Lima', '2006-09-12', 109.7, 6, 1, 11, '9820-627'),
	(535, 'Hugo Alexandre Moreira Santos', '2016-05-17', 105.2, 8, 5, 12, '9820-627'),
	(536, 'Gonçalo Nuno Carvalho Neto', '2010-10-06', 103.8, 5, 4, 17, '8610-365'),
	(537, 'Diogo Miguel Silva Barata', '2016-08-02', 88.1, 8, 1, 1, '6607-432'),
	(538, 'Carolina Da Costa Ferreira', '2017-09-11', 115.0, 8, 1, 23, '7088-981'),
	(539, 'Rui Bernardo Fonseca Mendes', '1992-01-22', 79.5, 2, 5, 20, '8610-365'),
	(540, 'Marcelo Antunes Pereira', '2013-12-05', 65.7, 4, 1, 24, '7088-981'),
	(541, 'Décio Gonçalves Andrade', '2002-09-15', 119.4, 6, 1, 7, '2303-371'),
	(542, 'Rui Miguel Boto Corvelo', '2018-07-27', 110.2, 1, 1, 18, '9820-866'),
	(543, 'Tiago Miguel Ribeiro Matos', '2011-03-10', 113.3, 1, 3, 5, '8610-365'),
	(544, 'Carlos Manuel Barbosa Ramos', '2015-07-20', 78.7, 5, 1, 3, '5895-424'),
	(545, 'Maria Beatriz Lopes Sousa', '1997-08-25', 56.6, 8, 4, 15, '1803-901'),
	(546, 'Sofia Adriano Moncóvio', '1997-11-09', 108.3, 4, 3, 2, '1238-793'),
	(547, 'Francisca Teixeira Da Costa Maia', '2004-06-13', 116.3, 3, 3, 5, '3879-107'),
	(548, 'Henrique Gonçalves Piqueiro', '1999-04-15', 58.1, 6, 2, 11, '7088-981'),
	(549, 'Joana Dinis Abrantes', '2018-07-09', 78.8, 9, 1, 23, '1214-165'),
	(550, 'Camila Rodrigues Rebelo', '2012-12-27', 97.9, 1, 1, 21, '1214-165'),
	(551, 'Ana Rita Amélio Fernandes', '1991-05-22', 42.2, 2, 3, 6, '8311-724'),
	(552, 'Cláudia Sofia Carrapatoso Ferra Lourenço', '2006-08-16', 58.6, 7, 1, 6, '4886-694'),
	(553, 'Luis Carlos Pissarra Gonçalves', '1999-07-09', 40.1, 4, 5, 15, '1214-165'),
	(554, 'Diogo Pires Andrade Heliodoro Valério', '1990-12-13', 85.5, 6, 2, 13, '4886-694'),
	(555, 'Filipe Ferreira De Morais', '2011-04-01', 100.4, 7, 5, 18, '7088-981'),
	(556, 'Pedro Afonso Calheiros Rodrigues', '1998-03-06', 72.9, 7, 4, 21, '9820-627'),
	(557, 'Tiago Filipe Vieira Rodrigues', '2011-05-05', 47.9, 7, 1, 12, '5928-671'),
	(558, 'Ricardo Damman Rosa Duarte Brancal', '1997-09-05', 60.4, 7, 4, 18, '5928-671'),
	(559, 'Tiago Cantante Romão', '2011-03-15', 109.1, 2, 2, 15, '2303-371'),
	(560, 'Tsanko Rosenov Arnaudov', '2001-06-28', 98.3, 1, 1, 19, '6273-927'),
	(561, 'Lucinda Jerónima Da Rocha Santos Sousa', '2004-02-22', 52.3, 1, 3, 11, '3934-537'),
	(562, 'Hélio Samuel Fumo', '2011-01-14', 108.3, 5, 2, 22, '5895-424'),
	(563, 'Inês Filipa Costa Marques', '2004-06-18', 58.1, 1, 1, 17, '3934-537'),
	(564, 'João Pedro Rodrigues Buaró', '2013-11-22', 91.1, 2, 1, 24, '3691-746'),
	(565, 'Carmo Niza Meira Juiz', '2017-09-05', 115.3, 1, 4, 1, '8311-724'),
	(566, 'Edgar Quaresma Da Conceição Campre', '2007-12-09', 105.7, 5, 5, 5, '9029-475'),
	(567, 'Inês Filipa Neto Borba', '2000-10-08', 95.2, 5, 3, 5, '1214-165'),
	(568, 'Bárbara Lopes Neiva', '2019-02-08', 102.2, 9, 4, 10, '5895-424'),
	(569, 'Salomé Paulo Afonso', '2009-03-26', 52.0, 3, 1, 21, '8610-365'),
	(570, 'Gabriel Maximiliano Macchi', '2004-11-17', 104.2, 4, 5, 21, '3691-746'),
	(571, 'João Paulo Martins Correia', '1993-03-27', 92.9, 9, 3, 14, '6273-927'),
	(572, 'Hemilton José Djata Da Costa', '2011-05-06', 88.7, 1, 5, 21, '5928-671'),
	(573, 'Luís Carlos Martins Gonçalves', '2012-12-08', 101.9, 9, 4, 21, '9696-736'),
	(574, 'Abubacar Demba Turé', '2006-03-09', 70.7, 4, 2, 2, '7088-981'),
	(575, 'Patrícia Alexandra Cabral Silva', '2010-05-13', 59.2, 4, 3, 8, '6273-927'),
	(576, 'Pedro Afonso Pinto Gaspar', '2017-04-26', 50.1, 8, 3, 19, '9820-866'),
	(577, 'João José Sales Henriques De Carvalho Pereira', '1993-03-08', 44.9, 5, 2, 13, '8203-470'),
	(578, 'Alexandre Conceição Montez', '2015-12-09', 103.3, 6, 2, 10, '8311-724'),
	(579, 'Christian Philippe De Oliveira', '1997-12-17', 66.6, 3, 1, 8, '5928-671'),
	(580, 'Ana Miguel Montenegro Oliveira', '2010-12-02', 59.7, 3, 1, 17, '3934-537'),
	(581, 'Rafael António Lopes Machado Pacheco', '1997-12-11', 62.2, 7, 4, 9, '8311-724'),
	(582, 'Tomás Magalhães Pereira', '2006-06-18', 66.9, 9, 3, 21, '9820-627'),
	(583, 'João Pedro Da Luz Afonso', '1991-07-08', 89.2, 7, 5, 18, '4886-694'),
	(584, 'Mariana Marques Souto', '1996-11-23', 112.4, 2, 2, 10, '8203-470'),
	(585, 'Ricardo Jorge Delgadinho Fallé', '2008-04-10', 56.8, 7, 2, 5, '6273-927'),
	(586, 'Diogo Lopes Silva', '2018-01-01', 103.1, 1, 3, 1, '1803-901'),
	(587, 'Sofia Matilde Jardim Caetano', '2018-09-22', 98.1, 9, 5, 1, '4362-101'),
	(588, 'Alejandro Castro Edo', '2011-11-08', 45.7, 4, 4, 17, '9696-736'),
	(589, 'António Lopes Pereira Vieira Trabulo', '2001-08-11', 93.4, 5, 2, 4, '8311-724'),
	(590, 'Marco António Abreu Lira', '2006-02-06', 111.1, 5, 3, 11, '1238-793'),
	(591, 'Maria Celeste Gomes Silva Santos Vieira', '2009-06-15', 89.5, 3, 1, 11, '9820-627'),
	(592, 'Vasco Ribeiro Ferreira Montenegro Carvalhais', '2000-08-21', 59.6, 3, 3, 16, '9820-627'),
	(593, 'António Maria Guedes De Sousa Prim Da Costa', '2012-02-21', 73.6, 4, 4, 6, '3691-746'),
	(594, 'José Do Carmo Saldanha Da Câmara', '2006-09-13', 44.4, 3, 2, 4, '4886-694'),
	(595, 'Nuno Maria De Sousa Franco Da Rocha Peixoto', '1991-12-02', 90.0, 1, 1, 16, '8610-365'),
	(596, 'Manuel Luis Da Rocha Peixoto De Aragão Barros', '2013-09-20', 99.5, 9, 5, 24, '3879-107'),
	(597, 'Miguel Fonseca Bravo', '1993-03-11', 57.6, 9, 3, 15, '6273-927'),
	(598, 'Renata Duarte Alves Dos Reis Pires Balonas', '1996-08-09', 102.0, 3, 3, 23, '7088-981'),
	(599, 'Gonçalo Santos Gomes', '2011-06-01', 95.5, 5, 2, 10, '2303-371'),
	(600, 'Henrique Fonseca Serpa Pinto Magalhães', '2013-08-28', 40.5, 1, 2, 1, '9029-475'),
	(601, 'Maria Gomes Silva', '2016-01-11', 89.9, 8, 1, 12, '8311-724'),
	(602, 'Maria Sofia Pinheiro Silva', '2004-12-20', 46.2, 8, 3, 24, '8610-365'),
	(603, 'Rodrigo Gomes Ferreira Batista Vieira', '2013-04-25', 50.7, 6, 2, 15, '8311-724'),
	(604, 'Ana Catarina Jesus Ferreira', '2019-06-20', 111.6, 2, 4, 10, '6273-927'),
	(605, 'Daniela Fernanda Veiga Meireles', '2019-08-23', 77.2, 4, 4, 1, '6273-927'),
	(606, 'Gustavo Pereira Ribeiro', '2013-07-23', 115.3, 7, 4, 8, '9820-866'),
	(607, 'Rute Das Neves Jorge', '1990-03-26', 94.7, 4, 1, 5, '9696-736'),
	(608, 'Carlos Daniel Gonçalves Dias', '1990-04-17', 94.3, 1, 1, 11, '7088-981'),
	(609, 'Diogo Trindade Marreiros', '1999-09-23', 58.5, 9, 1, 5, '1238-793'),
	(610, 'José Rafael Soares Da Costa', '1994-04-01', 68.6, 3, 4, 10, '3233-439'),
	(611, 'António Edgar Martins Freitas', '1996-06-14', 42.7, 5, 3, 3, '9696-736'),
	(612, 'Daniel Do Carmo Oliveira', '1995-12-14', 52.7, 6, 5, 15, '9820-627'),
	(613, 'Margarida Ruela Florêncio', '2014-01-26', 41.8, 9, 3, 15, '8311-724'),
	(614, 'Rafael Trindade Oliveira', '2018-11-04', 56.7, 8, 3, 2, '2303-371'),
	(615, 'Tiago Reis Torres', '1991-02-09', 45.7, 1, 4, 13, '2303-371'),
	(616, 'Pedro Faden Da Silva De Vasconcelos Araújo', '1993-09-03', 57.0, 3, 5, 2, '3691-746'),
	(617, 'Patricia Esparteiro Cardoso', '2008-07-19', 46.0, 6, 5, 9, '9820-866'),
	(618, 'Diogo Alexandre Adão Moreira', '2015-02-26', 40.7, 8, 3, 13, '6607-432'),
	(619, 'Flávio José Salgueiro Cunha', '2013-01-25', 95.2, 2, 3, 23, '8311-724'),
	(620, 'Diogo Ramos Tavares Lebre', '2000-04-26', 46.7, 1, 1, 10, '8203-470'),
	(621, 'José Gabriel Guerreiro Vieira', '1991-04-22', 54.3, 8, 1, 19, '4886-694'),
	(622, 'Rafael Gomes Simões', '2010-04-17', 68.8, 8, 2, 17, '1803-901'),
	(623, 'José Paulo Da Graça Antunes Lopes', '2014-06-27', 110.2, 4, 5, 21, '7088-981'),
	(624, 'Diogo Luis Carvalho Cancela', '1993-02-12', 80.7, 7, 1, 16, '4362-101'),
	(625, 'Susana Pereira Veiga', '2004-08-15', 104.8, 1, 2, 3, '3934-537'),
	(626, 'Bruno Filipe Abreu Silva', '1995-09-06', 100.7, 2, 3, 15, '9820-627'),
	(627, 'José Bernardo Gouveia Xavier', '1996-10-27', 100.7, 4, 3, 6, '5895-424'),
	(628, 'Flavia Silva Ribeiro', '2018-02-02', 102.0, 8, 2, 23, '1238-793'),
	(629, 'Gabriel Matias Paula', '2000-08-13', 76.9, 6, 5, 2, '9820-627'),
	(630, 'Bruno Daniel Da Cruz Macedo', '2000-12-14', 68.1, 5, 4, 9, '3879-107'),
	(631, 'Hugo Pinto Rocha', '1994-07-16', 106.3, 6, 2, 5, '5895-424'),
	(632, 'Iago Silva Bebiano', '2005-06-23', 87.7, 2, 3, 20, '5928-671'),
	(633, 'Messias Filipe Santos Baptista', '2017-03-21', 78.8, 3, 1, 19, '9696-736'),
	(634, 'Nuno Manuel Leite Teixeira', '2016-11-07', 91.6, 4, 3, 17, '7088-981'),
	(635, 'Filipe Marques Leite', '1996-05-02', 77.3, 7, 3, 4, '4886-694'),
	(636, 'Guilherme Bragança Sapage Barbosa Maia', '1992-05-23', 104.8, 5, 5, 8, '3233-439'),
	(637, 'Paulo Miguel Dos Santos Barreirinhas Moreira', '2012-01-02', 97.0, 1, 5, 5, '3691-746'),
	(638, 'Nuno Francisco Puidival Saraiva', '2000-03-13', 79.5, 5, 1, 21, '3691-746'),
	(639, 'Teresa Soares Dos Santos', '2004-11-01', 47.0, 2, 1, 20, '8311-724'),
	(640, 'Rafael Mereces Chambel', '2010-12-24', 97.7, 9, 2, 7, '5895-424'),
	(641, 'Raquel Nunes Guerreiro De Brito', '2005-06-20', 64.3, 9, 2, 4, '3691-746'),
	(642, 'Telmo João Mendes Pinão', '1998-02-15', 58.7, 2, 5, 20, '5928-671'),
	(643, 'Francisca Loureiro Santos', '1998-12-24', 94.5, 9, 5, 10, '1238-793'),
	(644, 'Frederico Rosário Bruno Da Silva', '2000-01-16', 55.4, 7, 1, 8, '5928-671'),
	(645, 'Diogo Filipe Pértiga Cabral', '1994-09-18', 90.2, 3, 5, 24, '9029-475'),
	(646, 'Diogo Miguel De Castro Sampaio Ferreira', '1990-03-12', 107.7, 5, 1, 18, '4362-101'),
	(647, 'Rosa Sofia Baptista Gonçalves', '2007-01-26', 74.9, 2, 3, 3, '4886-694'),
	(648, 'Gustavo Maria Silva Oliveira', '1993-02-08', 89.6, 8, 2, 5, '6607-432'),
	(649, 'Eulália Santos Ribeiro Da Silva', '2006-11-06', 113.3, 5, 4, 12, '5895-424'),
	(650, 'Carolina Pereira Justino', '2016-11-21', 111.3, 3, 3, 11, '7088-981'),
	(651, 'André Alexandre Lopes Sousa', '2004-02-26', 102.4, 3, 1, 23, '8203-470'),
	(652, 'Maria Inês Pereira Gaspar', '1993-02-10', 41.4, 1, 4, 6, '9820-627'),
	(653, 'Gonçalo Martins Veloso', '2012-12-10', 99.4, 1, 4, 7, '7088-981'),
	(654, 'Marisa Alexandra Da Rocha Vieira', '1990-11-18', 87.4, 2, 2, 7, '3691-746'),
	(655, 'Miguel Ângelo Henriques Carvalho', '2004-06-27', 113.3, 1, 5, 6, '8203-470'),
	(656, 'Hélder José Almeida Mestre', '1990-01-19', 49.5, 8, 4, 9, '3934-537'),
	(657, 'Bruno Joel Moreira Da Silva', '1993-06-19', 49.9, 7, 2, 15, '8610-365'),
	(658, 'Emanuel Jorge Barbosa De Sousa', '2010-03-17', 79.2, 3, 4, 1, '1803-901'),
	(659, 'Vera Lucia Mendes Barbosa', '1991-11-02', 68.2, 9, 5, 3, '4362-101'),
	(660, 'Gerson Varela Baldé', '2016-09-13', 70.1, 4, 2, 24, '5928-671'),
	(661, 'Paulo Ricardo Baptista Soares', '2016-07-19', 55.5, 4, 5, 14, '5928-671'),
	(662, 'Mariana Vilela Machado', '2014-09-18', 54.4, 5, 1, 13, '6273-927'),
	(663, 'Márcia Filipa Rodrigues Araújo', '2019-08-11', 81.1, 1, 3, 20, '9820-627'),
	(664, 'Adelino Fernandes Silva Rocha', '2018-12-15', 40.8, 6, 3, 1, '4886-694'),
	(665, 'Luis Miguel Candeias Barreiros', '2015-03-14', 77.3, 5, 4, 16, '9820-866'),
	(666, 'Miguel Ângelo Costa Ramos', '1990-03-18', 76.6, 2, 5, 12, '9696-736'),
	(667, 'Sara Maria Santos Rodrigues Antunes', '2008-08-10', 112.4, 8, 4, 24, '4886-694'),
	(668, 'Vasco Manuel Fernandes Coelho', '1994-09-27', 57.9, 6, 3, 1, '6273-927'),
	(669, 'Jorge Manuel Da Silva Caeiros', '2015-07-01', 81.5, 5, 4, 8, '7088-981'),
	(670, 'Ana Sofia Carriço Da Cruz', '1995-01-01', 82.0, 7, 1, 24, '9029-475'),
	(671, 'Eduardo Maria Appleton Monteverde Cima Morais', '1994-10-08', 82.3, 5, 3, 17, '2303-371'),
	(672, 'Matilde Maria Appleton Monteverde Cima De Morais', '2003-04-05', 62.2, 3, 2, 1, '7088-981'),
	(673, 'Maria Ávila Abreu E Alvim', '2018-07-20', 96.8, 8, 4, 1, '4886-694'),
	(674, 'Tiago Calejo Pereira Aires De Freitas', '1995-04-12', 117.2, 3, 4, 16, '9820-866'),
	(675, 'Ricardo Nuno Gaspar Candeias', '2016-01-04', 65.7, 4, 1, 16, '4362-101'),
	(676, 'Bernardo Maria Martins Loureiro', '1991-08-02', 69.9, 4, 1, 7, '9029-475'),
	(677, 'Carolina Maria Alves Da Silva João', '2018-07-02', 107.3, 1, 2, 15, '9029-475'),
	(678, 'João Tiago Teixeira Faria De Abreu', '1998-03-07', 83.4, 1, 4, 3, '4362-101'),
	(679, 'João Guimarães Da Costa Cabral Tomás', '1995-09-09', 63.1, 2, 3, 18, '9820-866'),
	(680, 'André James Correia Camacho Pereira', '1991-04-28', 70.6, 6, 3, 10, '3691-746'),
	(681, 'Diogo Eurico Vaz De Bacelar De Fonseca E Costa', '2013-02-22', 103.7, 9, 2, 14, '3879-107'),
	(682, 'Pedro Eurico Vaz De Bacelar Da Fonseca E Costa', '2000-10-26', 63.6, 7, 2, 5, '2303-371'),
	(683, 'Tomás Pessanha Pires De Lima', '1994-01-26', 44.2, 2, 3, 8, '4362-101'),
	(684, 'Miguel Baltazar Moreira', '2012-01-28', 94.9, 8, 3, 6, '1214-165'),
	(685, 'Daniela Filipa Taniça Varandas Amaro', '1992-11-03', 75.7, 8, 3, 22, '9696-736'),
	(686, 'Marta Afonso Barros Lourenço', '2009-01-17', 72.0, 9, 4, 14, '5928-671'),
	(687, 'João Pedro Coelho Marinho De Sousa', '2009-06-16', 114.4, 2, 4, 11, '5928-671'),
	(688, 'Beatriz Maria Campos Figueiredo', '1992-06-23', 61.8, 7, 1, 6, '6273-927'),
	(689, 'Diogo Hélder Agrela Lourenço', '1996-11-15', 108.0, 4, 4, 24, '1238-793'),
	(690, 'João Carlos Araújo Matias', '1995-01-18', 67.2, 3, 4, 24, '8610-365'),
	(691, 'Mário Luís Miranda Costa', '2004-08-22', 83.7, 4, 2, 8, '9820-866'),
	(692, 'Tiago Emanuel Figueiredo Sousa', '2003-04-20', 69.3, 6, 4, 8, '5928-671'),
	(693, 'Daniela Maria Voets De Sousa Campos', '1999-07-04', 85.7, 7, 5, 20, '5895-424'),
	(694, 'José Pedro Silva Dias', '1991-01-12', 65.9, 6, 5, 7, '2303-371'),
	(695, 'Frederico Monteiro Pereira Da Silva Simões', '1992-08-07', 117.3, 6, 1, 20, '3934-537'),
	(696, 'José Miguel Sousa Azevedo', '1990-06-18', 104.5, 7, 3, 3, '4362-101'),
	(697, 'Júlio Renaudo De Almeida', '2019-01-28', 108.2, 6, 2, 20, '7088-981'),
	(698, 'Edna Mendes Barros', '1993-06-22', 84.7, 9, 2, 2, '2303-371'),
	(699, 'Gustavo Lopes Leal Ribeiro', '1999-07-04', 45.8, 6, 2, 3, '8203-470'),
	(700, 'José Miguel Veiga Cabral Neto Guimarães', '2008-08-11', 76.9, 5, 5, 24, '2303-371'),
	(701, 'Robert Joseph Baguinho Moore', '2008-01-22', 48.2, 7, 4, 3, '6607-432'),
	(702, 'Nicolas Abreu Matias', '2012-02-10', 83.4, 5, 5, 24, '3879-107'),
	(703, 'Miguel Tiago Mello Loureiro Santos Da Silva', '2016-02-14', 71.6, 8, 4, 9, '9029-475'),
	(704, 'Rafaela Amado Gomes De Azevedo', '1996-02-21', 64.9, 9, 2, 17, '1803-901'),
	(705, 'Tomás Teixeira Lopes', '2013-06-21', 96.9, 7, 2, 20, '3934-537'),
	(706, 'Ricardo Manuel Andrade Belezas', '2015-05-10', 66.0, 1, 2, 16, '5928-671'),
	(707, 'Daniel Carlos Moras Videira', '1990-06-04', 62.2, 9, 2, 14, '1214-165'),
	(708, 'Diana Inês Lopes Torres', '2002-07-28', 116.5, 8, 2, 4, '6607-432'),
	(709, 'Iúri Gabriel Dantas Leitão', '2010-11-02', 69.8, 6, 5, 7, '9029-475'),
	(710, 'Raquel Silva Queirós', '2010-05-14', 58.4, 7, 1, 22, '1803-901'),
	(711, 'Diogo Henrique Da Cunha Narciso', '1990-01-21', 112.6, 4, 3, 20, '7088-981'),
	(712, 'Rui Alberto Faria Costa', '2005-10-19', 88.0, 1, 5, 20, '2303-371'),
	(713, 'Nelson Filipe Santos Simões Oliveira', '1996-07-16', 82.3, 7, 5, 19, '8203-470'),
	(714, 'Ana Filipa Da Silva Martins', '1991-11-14', 95.8, 3, 4, 19, '9029-475'),
	(715, 'Ana Granja Da Silva Santos', '2003-12-08', 62.2, 4, 5, 9, '3233-439'),
	(716, 'Bárbara Falcão Miranda', '1992-08-10', 45.1, 5, 3, 14, '9820-866'),
	(717, 'Carolina Gonçalo Da Costa', '2009-12-03', 87.8, 9, 3, 4, '9696-736'),
	(718, 'Joana Cristelo Alves', '1996-01-05', 102.9, 8, 2, 24, '9696-736'),
	(719, 'Ana Carolina Costa Rodrigues', '1994-02-12', 66.5, 9, 3, 13, '7088-981'),
	(720, 'Josephine Kiesse De Barros Filipe', '2015-10-02', 69.3, 5, 3, 2, '3934-537'),
	(721, 'Inês Matos Viana', '2005-08-21', 85.4, 6, 4, 23, '6607-432'),
	(722, 'Joana Carolina Matias Soeiro', '2015-11-15', 81.3, 3, 3, 15, '9820-627'),
	(723, 'Maria Ivanova Kostourkova', '1993-06-26', 53.7, 9, 5, 11, '3879-107'),
	(724, 'Laura Oliveira Ferreira', '1990-01-22', 84.3, 8, 5, 13, '9696-736'),
	(725, 'Rochele Jesus Nunes', '2014-08-23', 116.2, 2, 3, 6, '4886-694'),
	(726, 'Wilsa Idiana Almada Gomes', '2004-08-19', 110.1, 8, 4, 19, '4886-694'),
	(727, 'Djibrilo Iafa', '2004-11-10', 90.4, 2, 5, 20, '3233-439'),
	(728, 'Martim Lima Nunes', '2002-08-14', 108.8, 8, 4, 17, '5895-424'),
	(729, 'Guilherme Moreira Gato Ribeiro', '2006-06-25', 107.9, 3, 3, 3, '3879-107'),
	(730, 'Afonso Maria Canas Serra Vieira Antunes', '2002-03-03', 50.8, 1, 2, 14, '4886-694'),
	(731, 'David Araujo Wallis De Carvalho', '2019-05-04', 63.5, 8, 3, 22, '9029-475'),
	(732, 'Jorge Maria Castela Ferreira Saldanha Abecasis', '2004-09-02', 79.0, 1, 4, 9, '4886-694'),
	(733, 'Vasco Maria De Almeida Tete Félix António', '1998-11-03', 119.4, 9, 3, 5, '4362-101');

/* Inserir as Consultas na tabela "appointment" */
INSERT INTO appointment (idDoctor, idAthlete, observations, price, date, finished)
VALUES
	(5, 174, 'Nada a declarar.', 934.05, '2011-04-19 18:30:00', 1),
	(6, 128, 'Nada a declarar.', 112.76, '2000-10-11 19:30:00', 1),
	(19, 506, 'Nada a declarar.', 853.62, '2004-01-25 19:30:00', 1),
	(17, 230, 'Nada a declarar.', 580.05, '2007-09-27 14:30:00', 1),
	(2, 159, 'Nada a declarar.', 909.95, '2001-11-12 10:30:00', 0),
	(14, 425, 'Nada a declarar.', 568.29, '2006-06-27 11:30:00', 0),
	(10, 305, 'Nada a declarar.', 137.43, '2007-02-13 23:30:00', 0),
	(14, 555, 'Nada a declarar.', 228.94, '2001-06-06 10:00:00', 1),
	(18, 612, 'Nada a declarar.', 459.84, '2000-11-14 10:30:00', 0),
	(15, 294, 'Nada a declarar.', 383.7, '1998-03-15 12:00:00', 1),
	(11, 339, 'Nada a declarar.', 26.11, '2014-03-19 19:00:00', 0),
	(11, 645, 'Nada a declarar.', 343.89, '2006-12-06 10:00:00', 0),
	(15, 290, 'Nada a declarar.', 806.89, '2010-02-07 20:00:00', 1),
	(6, 393, 'Nada a declarar.', 528.35, '2001-05-15 11:30:00', 0),
	(4, 399, 'Nada a declarar.', 935.41, '2004-04-28 18:00:00', 0),
	(12, 606, 'Nada a declarar.', 14.42, '2000-03-19 17:00:00', 0),
	(17, 67, 'Nada a declarar.', 972.21, '2000-03-27 17:30:00', 1),
	(4, 227, 'Nada a declarar.', 593.7, '2014-11-01 18:30:00', 1),
	(13, 67, 'Nada a declarar.', 218.15, '2014-12-18 23:30:00', 0),
	(1, 627, 'Nada a declarar.', 369.49, '2008-11-11 14:30:00', 0),
	(14, 541, 'Nada a declarar.', 710.72, '2012-06-08 18:00:00', 0),
	(15, 249, 'Nada a declarar.', 587.24, '2015-03-20 14:00:00', 1),
	(19, 611, 'Nada a declarar.', 457.01, '1998-06-03 12:30:00', 0),
	(14, 464, 'Nada a declarar.', 372.81, '2009-11-21 15:30:00', 1),
	(7, 330, 'Nada a declarar.', 753.65, '1990-10-26 23:00:00', 1),
	(15, 36, 'Nada a declarar.', 730.81, '2019-05-07 11:30:00', 0),
	(12, 524, 'Nada a declarar.', 619.37, '1998-06-03 18:00:00', 1),
	(14, 381, 'Nada a declarar.', 322.75, '1995-07-18 18:30:00', 1),
	(17, 175, 'Nada a declarar.', 702.92, '1994-08-22 10:00:00', 1),
	(1, 378, 'Nada a declarar.', 37.1, '2017-03-17 21:00:00', 0),
	(5, 55, 'Nada a declarar.', 994.15, '1995-05-12 17:00:00', 1),
	(16, 136, 'Nada a declarar.', 329.59, '2011-11-25 20:30:00', 0),
	(14, 506, 'Nada a declarar.', 641.68, '1994-09-03 22:00:00', 1),
	(15, 303, 'Nada a declarar.', 297.57, '2015-04-20 18:00:00', 1),
	(5, 676, 'Nada a declarar.', 831.05, '2016-07-23 22:30:00', 0),
	(15, 124, 'Nada a declarar.', 134.45, '2000-12-08 12:00:00', 1),
	(8, 276, 'Nada a declarar.', 564.64, '1991-09-17 15:30:00', 0),
	(14, 428, 'Nada a declarar.', 469.35, '2011-11-23 21:00:00', 1),
	(13, 560, 'Nada a declarar.', 843.63, '2006-11-10 23:00:00', 1),
	(6, 610, 'Nada a declarar.', 685.77, '2019-01-28 10:30:00', 1),
	(1, 88, 'Nada a declarar.', 733.82, '2006-04-14 17:00:00', 1),
	(8, 52, 'Nada a declarar.', 796.31, '2005-02-09 13:00:00', 0),
	(7, 198, 'Nada a declarar.', 53.55, '1992-07-23 14:00:00', 0),
	(14, 691, 'Nada a declarar.', 484.18, '1992-04-21 15:00:00', 0),
	(15, 597, 'Nada a declarar.', 414.22, '1991-08-07 21:30:00', 1),
	(15, 373, 'Nada a declarar.', 480.81, '2006-02-23 13:00:00', 0),
	(17, 171, 'Nada a declarar.', 417.76, '2006-11-06 13:00:00', 0),
	(17, 54, 'Nada a declarar.', 245.56, '1992-06-12 14:00:00', 1),
	(3, 643, 'Nada a declarar.', 83.48, '2002-02-15 19:00:00', 1),
	(2, 521, 'Nada a declarar.', 448.96, '2018-11-21 10:00:00', 1),
	(12, 505, 'Nada a declarar.', 726.37, '1998-07-08 11:30:00', 1),
	(13, 91, 'Nada a declarar.', 551.23, '2013-07-06 18:30:00', 1),
	(17, 420, 'Nada a declarar.', 876.49, '2003-06-01 12:30:00', 0),
	(6, 27, 'Nada a declarar.', 294.69, '2002-07-21 19:30:00', 1),
	(3, 231, 'Nada a declarar.', 739.71, '1996-10-09 22:00:00', 0),
	(16, 247, 'Nada a declarar.', 879.85, '2009-09-01 15:30:00', 0),
	(6, 453, 'Nada a declarar.', 304.51, '1998-09-18 22:30:00', 1),
	(6, 344, 'Nada a declarar.', 633.53, '2001-05-19 19:00:00', 0),
	(1, 457, 'Nada a declarar.', 311.43, '2000-01-19 23:00:00', 1),
	(16, 427, 'Nada a declarar.', 460.23, '1991-11-16 11:30:00', 1),
	(7, 467, 'Nada a declarar.', 906.26, '2019-02-09 10:00:00', 1),
	(1, 5, 'Nada a declarar.', 342.72, '2015-01-19 16:30:00', 0),
	(6, 549, 'Nada a declarar.', 203.91, '1994-11-13 19:30:00', 1),
	(11, 245, 'Nada a declarar.', 518.71, '2001-06-26 21:30:00', 1),
	(5, 366, 'Nada a declarar.', 643.3, '2015-04-16 11:30:00', 0),
	(1, 368, 'Nada a declarar.', 255.18, '1996-03-07 17:30:00', 1),
	(6, 614, 'Nada a declarar.', 914.97, '2001-10-06 11:00:00', 1),
	(3, 463, 'Nada a declarar.', 575.35, '2007-10-14 22:30:00', 0),
	(19, 21, 'Nada a declarar.', 365.54, '2008-12-13 21:30:00', 0),
	(8, 653, 'Nada a declarar.', 78.52, '2019-12-14 21:30:00', 0),
	(11, 609, 'Nada a declarar.', 82.48, '2015-11-25 17:00:00', 0),
	(9, 645, 'Nada a declarar.', 608.41, '2005-09-26 21:30:00', 0),
	(18, 439, 'Nada a declarar.', 499.56, '1995-05-03 15:00:00', 1),
	(11, 496, 'Nada a declarar.', 787.57, '2013-09-26 23:00:00', 1),
	(2, 531, 'Nada a declarar.', 127.72, '2011-09-12 20:30:00', 0),
	(15, 356, 'Nada a declarar.', 684.14, '2006-01-07 11:30:00', 0),
	(11, 205, 'Nada a declarar.', 413.35, '1991-01-09 15:30:00', 0),
	(4, 137, 'Nada a declarar.', 506.65, '2015-08-21 20:30:00', 1),
	(12, 330, 'Nada a declarar.', 352.85, '1998-01-06 15:30:00', 0),
	(6, 40, 'Nada a declarar.', 46.66, '2002-07-16 15:00:00', 1),
	(17, 725, 'Nada a declarar.', 280.24, '2012-11-24 18:30:00', 0),
	(14, 79, 'Nada a declarar.', 726.7, '2014-06-28 22:00:00', 0),
	(16, 73, 'Nada a declarar.', 874.42, '1991-02-05 12:30:00', 0),
	(8, 64, 'Nada a declarar.', 701.19, '2011-02-03 14:00:00', 1),
	(8, 722, 'Nada a declarar.', 959.45, '2000-05-01 21:30:00', 1),
	(20, 453, 'Nada a declarar.', 476.61, '1997-07-10 19:30:00', 0),
	(11, 16, 'Nada a declarar.', 681.9, '2003-01-15 20:00:00', 0),
	(9, 265, 'Nada a declarar.', 519.53, '2007-09-14 10:00:00', 1),
	(11, 82, 'Nada a declarar.', 922.94, '1990-02-15 16:00:00', 1),
	(1, 465, 'Nada a declarar.', 527.48, '1994-09-13 21:30:00', 0),
	(15, 27, 'Nada a declarar.', 102.43, '2005-12-20 17:00:00', 0),
	(8, 273, 'Nada a declarar.', 272.0, '1998-10-06 21:30:00', 1),
	(3, 141, 'Nada a declarar.', 914.97, '2011-07-20 19:30:00', 1),
	(3, 155, 'Nada a declarar.', 790.59, '2003-08-08 16:00:00', 1),
	(4, 580, 'Nada a declarar.', 60.47, '2002-05-09 18:00:00', 1),
	(20, 568, 'Nada a declarar.', 46.48, '2017-01-24 16:30:00', 0),
	(9, 90, 'Nada a declarar.', 702.0, '1994-03-04 18:00:00', 0),
	(17, 683, 'Nada a declarar.', 766.61, '2012-12-03 11:00:00', 0),
	(11, 435, 'Nada a declarar.', 184.67, '2003-10-16 19:30:00', 1),
	(1, 704, 'Nada a declarar.', 719.16, '2015-10-17 22:00:00', 0),
	(10, 216, 'Nada a declarar.', 841.45, '2012-02-02 18:00:00', 1),
	(16, 207, 'Nada a declarar.', 106.4, '2011-09-05 11:30:00', 1),
	(20, 275, 'Nada a declarar.', 728.12, '1998-01-16 21:00:00', 1),
	(12, 100, 'Nada a declarar.', 599.55, '2013-05-19 20:30:00', 0),
	(6, 683, 'Nada a declarar.', 182.49, '2019-02-01 22:30:00', 1),
	(19, 94, 'Nada a declarar.', 728.76, '1997-05-21 22:00:00', 0),
	(17, 258, 'Nada a declarar.', 152.79, '2016-04-19 16:00:00', 1),
	(9, 601, 'Nada a declarar.', 664.37, '2008-03-16 10:30:00', 0),
	(11, 701, 'Nada a declarar.', 294.41, '2019-03-03 17:00:00', 0),
	(3, 177, 'Nada a declarar.', 534.64, '1993-04-19 20:30:00', 1),
	(14, 404, 'Nada a declarar.', 701.76, '2002-06-26 18:30:00', 1),
	(17, 318, 'Nada a declarar.', 696.96, '1999-08-18 12:30:00', 0),
	(17, 672, 'Nada a declarar.', 353.78, '2014-08-01 21:00:00', 1),
	(18, 639, 'Nada a declarar.', 524.54, '2005-11-26 11:30:00', 1),
	(2, 681, 'Nada a declarar.', 876.88, '2016-01-16 11:00:00', 0),
	(13, 719, 'Nada a declarar.', 314.56, '1997-10-19 14:30:00', 1),
	(6, 636, 'Nada a declarar.', 258.23, '2003-06-05 16:30:00', 0),
	(13, 166, 'Nada a declarar.', 316.95, '2005-09-26 14:30:00', 0),
	(9, 370, 'Nada a declarar.', 14.11, '2011-10-13 11:30:00', 0),
	(9, 79, 'Nada a declarar.', 682.07, '2008-12-28 15:00:00', 1),
	(16, 451, 'Nada a declarar.', 577.47, '2001-03-07 15:00:00', 1),
	(20, 375, 'Nada a declarar.', 979.98, '2013-03-05 10:00:00', 1),
	(17, 440, 'Nada a declarar.', 565.26, '2007-02-26 13:00:00', 1),
	(14, 473, 'Nada a declarar.', 272.01, '1996-03-17 23:30:00', 0),
	(18, 591, 'Nada a declarar.', 752.46, '2007-04-07 23:30:00', 1),
	(7, 43, 'Nada a declarar.', 374.31, '2012-10-08 19:00:00', 1),
	(12, 170, 'Nada a declarar.', 400.91, '2011-04-15 19:00:00', 1),
	(8, 396, 'Nada a declarar.', 30.69, '1996-10-22 15:30:00', 0),
	(8, 114, 'Nada a declarar.', 155.06, '2001-01-03 18:00:00', 1),
	(16, 383, 'Nada a declarar.', 766.19, '2004-04-03 15:00:00', 1),
	(19, 363, 'Nada a declarar.', 242.29, '1999-03-24 22:30:00', 1),
	(12, 684, 'Nada a declarar.', 216.86, '2004-03-06 15:30:00', 1),
	(11, 584, 'Nada a declarar.', 591.11, '2005-12-07 14:30:00', 0),
	(9, 350, 'Nada a declarar.', 181.32, '2007-01-01 14:00:00', 0),
	(11, 682, 'Nada a declarar.', 437.85, '2003-08-12 12:00:00', 0),
	(8, 229, 'Nada a declarar.', 159.5, '2005-12-20 13:30:00', 1),
	(6, 146, 'Nada a declarar.', 988.15, '2006-03-13 14:00:00', 0),
	(7, 362, 'Nada a declarar.', 986.1, '1995-05-14 14:30:00', 0),
	(20, 540, 'Nada a declarar.', 886.53, '2004-06-18 15:00:00', 0),
	(4, 155, 'Nada a declarar.', 96.62, '1992-12-16 23:30:00', 0),
	(20, 612, 'Nada a declarar.', 651.28, '1992-08-22 22:30:00', 0),
	(11, 199, 'Nada a declarar.', 374.92, '2010-03-01 22:00:00', 0),
	(15, 52, 'Nada a declarar.', 77.69, '2009-03-08 17:30:00', 1),
	(7, 229, 'Nada a declarar.', 22.65, '1991-01-09 13:00:00', 1),
	(12, 75, 'Nada a declarar.', 245.31, '2018-10-24 13:00:00', 1),
	(20, 288, 'Nada a declarar.', 540.82, '1999-08-20 14:00:00', 1),
	(12, 110, 'Nada a declarar.', 981.52, '2009-08-19 13:00:00', 1),
	(17, 320, 'Nada a declarar.', 21.46, '2012-09-25 17:30:00', 0),
	(13, 569, 'Nada a declarar.', 74.43, '2018-03-16 17:00:00', 1),
	(15, 388, 'Nada a declarar.', 286.1, '2009-09-02 23:30:00', 1),
	(2, 604, 'Nada a declarar.', 36.77, '2003-04-20 17:30:00', 1),
	(12, 163, 'Nada a declarar.', 604.21, '2007-02-16 23:00:00', 0),
	(12, 203, 'Nada a declarar.', 367.83, '2003-11-08 19:00:00', 0),
	(10, 41, 'Nada a declarar.', 763.4, '1993-10-15 12:00:00', 1),
	(8, 67, 'Nada a declarar.', 179.13, '2015-12-08 22:30:00', 1),
	(17, 136, 'Nada a declarar.', 616.87, '1994-02-14 20:30:00', 1),
	(11, 126, 'Nada a declarar.', 461.57, '1993-12-12 16:00:00', 0),
	(5, 11, 'Nada a declarar.', 924.19, '1995-11-17 15:30:00', 0),
	(10, 359, 'Nada a declarar.', 431.55, '1996-04-07 18:00:00', 1),
	(11, 109, 'Nada a declarar.', 209.97, '2012-12-18 15:30:00', 1),
	(20, 204, 'Nada a declarar.', 70.07, '2008-06-15 23:00:00', 0),
	(7, 462, 'Nada a declarar.', 654.48, '2009-01-25 22:00:00', 0),
	(12, 248, 'Nada a declarar.', 551.24, '2017-03-02 16:00:00', 1),
	(4, 654, 'Nada a declarar.', 761.84, '2010-10-02 10:30:00', 0),
	(17, 293, 'Nada a declarar.', 437.78, '1999-10-27 21:30:00', 0),
	(16, 247, 'Nada a declarar.', 884.78, '1998-09-08 14:00:00', 1),
	(3, 546, 'Nada a declarar.', 220.8, '2013-01-25 13:30:00', 0),
	(5, 620, 'Nada a declarar.', 219.1, '1993-08-06 17:30:00', 1),
	(16, 462, 'Nada a declarar.', 23.97, '2003-02-01 19:00:00', 0),
	(3, 701, 'Nada a declarar.', 32.47, '2005-10-17 12:00:00', 1),
	(15, 350, 'Nada a declarar.', 839.37, '2002-01-18 15:00:00', 0),
	(14, 162, 'Nada a declarar.', 631.65, '2013-10-27 17:30:00', 1),
	(20, 173, 'Nada a declarar.', 860.38, '2007-02-10 12:30:00', 1),
	(9, 353, 'Nada a declarar.', 832.27, '1996-02-13 15:00:00', 0),
	(9, 566, 'Nada a declarar.', 301.63, '2014-07-01 22:00:00', 0),
	(11, 333, 'Nada a declarar.', 16.99, '1994-04-18 17:00:00', 0),
	(14, 22, 'Nada a declarar.', 37.39, '2007-09-07 14:00:00', 1),
	(2, 21, 'Nada a declarar.', 244.21, '2005-12-26 14:30:00', 0),
	(2, 187, 'Nada a declarar.', 105.37, '1997-05-05 20:30:00', 1),
	(12, 448, 'Nada a declarar.', 657.67, '2013-08-14 17:00:00', 1),
	(5, 660, 'Nada a declarar.', 845.9, '1994-05-05 10:00:00', 0),
	(4, 293, 'Nada a declarar.', 37.74, '1997-10-26 23:00:00', 1),
	(8, 92, 'Nada a declarar.', 335.61, '1991-01-14 10:00:00', 0),
	(6, 635, 'Nada a declarar.', 973.51, '1993-06-22 15:30:00', 1),
	(13, 410, 'Nada a declarar.', 717.38, '1996-09-03 11:30:00', 0),
	(7, 111, 'Nada a declarar.', 877.09, '1998-09-24 22:30:00', 0),
	(12, 312, 'Nada a declarar.', 978.86, '2015-01-16 20:00:00', 0),
	(20, 661, 'Nada a declarar.', 243.95, '2003-01-07 20:00:00', 1),
	(4, 479, 'Nada a declarar.', 454.7, '2016-12-14 11:30:00', 0),
	(15, 270, 'Nada a declarar.', 183.62, '2007-07-06 16:30:00', 1),
	(12, 30, 'Nada a declarar.', 177.17, '2005-04-20 22:30:00', 1),
	(15, 39, 'Nada a declarar.', 604.21, '1990-12-28 19:30:00', 1),
	(9, 521, 'Nada a declarar.', 861.02, '2002-03-28 14:30:00', 1),
	(10, 358, 'Nada a declarar.', 588.81, '2010-07-19 23:00:00', 0),
	(6, 459, 'Nada a declarar.', 520.33, '2000-10-19 12:00:00', 0),
	(1, 207, 'Nada a declarar.', 718.19, '2008-08-12 17:00:00', 0),
	(1, 563, 'Nada a declarar.', 661.13, '2015-07-24 21:30:00', 1),
	(18, 547, 'Nada a declarar.', 528.97, '2010-11-06 18:30:00', 1),
	(6, 132, 'Nada a declarar.', 709.58, '2010-05-07 18:00:00', 0),
	(18, 690, 'Nada a declarar.', 248.23, '1999-02-01 20:30:00', 1),
	(6, 553, 'Nada a declarar.', 754.27, '2003-03-01 21:00:00', 0),
	(6, 156, 'Nada a declarar.', 908.51, '1997-09-08 20:00:00', 0),
	(18, 438, 'Nada a declarar.', 869.46, '2016-11-18 12:30:00', 1),
	(2, 384, 'Nada a declarar.', 643.58, '2008-05-12 21:30:00', 0),
	(8, 562, 'Nada a declarar.', 747.65, '2006-02-13 21:00:00', 1),
	(5, 655, 'Nada a declarar.', 511.99, '2000-08-06 22:00:00', 1),
	(5, 527, 'Nada a declarar.', 306.11, '2009-06-26 16:00:00', 0),
	(1, 83, 'Nada a declarar.', 919.59, '2010-10-07 19:00:00', 0),
	(16, 107, 'Nada a declarar.', 91.94, '2009-09-28 21:30:00', 1),
	(7, 523, 'Nada a declarar.', 233.22, '1995-12-23 17:30:00', 1),
	(15, 535, 'Nada a declarar.', 653.59, '2010-03-27 22:30:00', 0),
	(5, 588, 'Nada a declarar.', 99.41, '1990-07-04 20:30:00', 1),
	(15, 159, 'Nada a declarar.', 400.08, '1992-02-02 10:00:00', 0),
	(16, 146, 'Nada a declarar.', 407.76, '2008-08-23 16:30:00', 0),
	(8, 287, 'Nada a declarar.', 342.89, '2004-04-20 20:00:00', 0),
	(5, 300, 'Nada a declarar.', 901.87, '2001-05-08 11:00:00', 0),
	(12, 540, 'Nada a declarar.', 469.03, '2000-02-14 16:00:00', 1),
	(7, 604, 'Nada a declarar.', 650.99, '1998-01-26 22:30:00', 0),
	(11, 167, 'Nada a declarar.', 31.92, '1992-03-22 21:30:00', 1),
	(8, 658, 'Nada a declarar.', 696.94, '1992-06-28 19:30:00', 1),
	(7, 570, 'Nada a declarar.', 651.7, '2004-10-12 18:30:00', 1),
	(7, 391, 'Nada a declarar.', 666.31, '2003-02-24 22:30:00', 1),
	(3, 78, 'Nada a declarar.', 391.75, '2003-08-21 19:00:00', 1),
	(3, 406, 'Nada a declarar.', 303.46, '1999-04-21 13:00:00', 0),
	(6, 456, 'Nada a declarar.', 834.03, '2010-06-01 18:30:00', 0),
	(4, 42, 'Nada a declarar.', 711.17, '2005-09-01 16:00:00', 0),
	(18, 538, 'Nada a declarar.', 617.38, '2003-08-08 22:00:00', 0),
	(20, 545, 'Nada a declarar.', 820.43, '1991-09-09 17:30:00', 0),
	(20, 520, 'Nada a declarar.', 163.37, '1991-11-18 16:30:00', 1),
	(6, 239, 'Nada a declarar.', 909.01, '2005-10-24 14:30:00', 1),
	(8, 529, 'Nada a declarar.', 70.09, '2017-09-22 19:30:00', 0),
	(13, 16, 'Nada a declarar.', 782.62, '2003-01-27 19:00:00', 1),
	(6, 233, 'Nada a declarar.', 522.85, '2014-08-17 22:00:00', 0),
	(18, 635, 'Nada a declarar.', 300.49, '2016-05-27 11:30:00', 0),
	(3, 437, 'Nada a declarar.', 904.45, '2009-02-26 22:30:00', 1),
	(3, 402, 'Nada a declarar.', 686.39, '2007-10-24 21:00:00', 1),
	(9, 193, 'Nada a declarar.', 43.11, '2010-03-14 10:30:00', 1),
	(20, 669, 'Nada a declarar.', 656.56, '2000-07-26 12:00:00', 0),
	(14, 528, 'Nada a declarar.', 991.7, '2014-07-09 10:30:00', 1),
	(6, 5, 'Nada a declarar.', 952.95, '2014-11-27 22:30:00', 1),
	(15, 339, 'Nada a declarar.', 351.15, '1999-09-16 18:30:00', 1),
	(5, 395, 'Nada a declarar.', 882.28, '1996-08-02 16:00:00', 1),
	(7, 703, 'Nada a declarar.', 315.12, '2008-12-21 16:00:00', 0),
	(15, 438, 'Nada a declarar.', 118.73, '2005-11-08 15:30:00', 1),
	(5, 44, 'Nada a declarar.', 814.49, '1992-10-05 19:00:00', 0),
	(7, 615, 'Nada a declarar.', 548.59, '2008-11-22 20:30:00', 0),
	(2, 535, 'Nada a declarar.', 795.19, '2015-12-20 12:00:00', 0),
	(8, 334, 'Nada a declarar.', 426.78, '2013-07-06 22:30:00', 0),
	(8, 400, 'Nada a declarar.', 814.28, '2016-01-09 18:30:00', 1),
	(7, 253, 'Nada a declarar.', 332.7, '2012-10-11 16:30:00', 0),
	(2, 682, 'Nada a declarar.', 61.33, '2012-09-07 23:00:00', 0),
	(4, 388, 'Nada a declarar.', 682.75, '2005-06-27 11:30:00', 0),
	(2, 349, 'Nada a declarar.', 597.23, '2018-09-16 10:30:00', 1),
	(5, 592, 'Nada a declarar.', 929.74, '2003-04-12 10:00:00', 1),
	(8, 482, 'Nada a declarar.', 217.96, '2016-04-15 19:00:00', 0),
	(9, 26, 'Nada a declarar.', 215.42, '2014-07-04 11:30:00', 1),
	(11, 205, 'Nada a declarar.', 644.66, '2013-05-01 22:30:00', 0),
	(5, 627, 'Nada a declarar.', 79.59, '2010-07-01 20:00:00', 1),
	(9, 697, 'Nada a declarar.', 269.44, '2002-03-21 22:30:00', 0),
	(4, 543, 'Nada a declarar.', 16.77, '2007-12-23 12:00:00', 0),
	(6, 448, 'Nada a declarar.', 424.92, '2006-02-22 22:00:00', 1),
	(15, 579, 'Nada a declarar.', 430.06, '1992-06-17 15:30:00', 0),
	(16, 434, 'Nada a declarar.', 987.97, '2017-04-13 21:00:00', 0),
	(8, 12, 'Nada a declarar.', 129.97, '2015-04-25 15:00:00', 1),
	(3, 435, 'Nada a declarar.', 723.89, '2013-09-11 16:30:00', 1),
	(2, 612, 'Nada a declarar.', 687.39, '2000-10-20 10:00:00', 0),
	(8, 266, 'Nada a declarar.', 142.8, '2008-02-23 16:30:00', 1),
	(12, 165, 'Nada a declarar.', 476.12, '1997-01-14 12:00:00', 1),
	(16, 285, 'Nada a declarar.', 988.37, '2010-10-16 18:30:00', 0),
	(12, 34, 'Nada a declarar.', 16.63, '2004-03-01 13:30:00', 0),
	(2, 245, 'Nada a declarar.', 874.66, '1997-03-20 20:00:00', 0),
	(16, 201, 'Nada a declarar.', 158.3, '2011-01-15 15:30:00', 1),
	(4, 638, 'Nada a declarar.', 448.57, '1990-02-25 21:00:00', 0),
	(18, 147, 'Nada a declarar.', 761.05, '2008-02-19 13:30:00', 1),
	(7, 371, 'Nada a declarar.', 853.11, '2019-01-20 18:30:00', 0),
	(18, 700, 'Nada a declarar.', 552.35, '1995-10-18 14:00:00', 0),
	(18, 68, 'Nada a declarar.', 721.39, '2006-01-02 21:30:00', 1),
	(3, 80, 'Nada a declarar.', 884.79, '2005-01-15 18:00:00', 0),
	(8, 491, 'Nada a declarar.', 975.12, '2005-11-24 10:30:00', 1),
	(19, 444, 'Nada a declarar.', 473.34, '1996-03-04 17:00:00', 0),
	(7, 632, 'Nada a declarar.', 895.79, '1999-05-21 12:30:00', 0),
	(6, 13, 'Nada a declarar.', 945.1, '2012-06-19 16:30:00', 0),
	(15, 131, 'Nada a declarar.', 807.42, '2009-06-23 19:30:00', 0),
	(20, 489, 'Nada a declarar.', 416.81, '2000-02-06 11:30:00', 0),
	(6, 235, 'Nada a declarar.', 513.57, '1992-03-12 11:30:00', 1),
	(16, 120, 'Nada a declarar.', 792.87, '1999-05-25 21:30:00', 1),
	(2, 702, 'Nada a declarar.', 750.48, '2001-04-28 17:00:00', 0),
	(18, 180, 'Nada a declarar.', 869.62, '2001-09-07 19:00:00', 0),
	(1, 108, 'Nada a declarar.', 682.49, '2009-05-18 15:00:00', 0),
	(4, 633, 'Nada a declarar.', 189.35, '1998-01-23 12:00:00', 1),
	(4, 685, 'Nada a declarar.', 942.9, '1999-09-08 20:30:00', 1),
	(1, 393, 'Nada a declarar.', 194.63, '1995-06-07 22:30:00', 0),
	(16, 143, 'Nada a declarar.', 331.01, '2002-01-27 17:00:00', 0),
	(10, 180, 'Nada a declarar.', 562.64, '1994-02-13 17:00:00', 0),
	(9, 645, 'Nada a declarar.', 827.26, '2009-03-04 23:30:00', 1),
	(17, 40, 'Nada a declarar.', 15.85, '2016-08-25 16:30:00', 1),
	(14, 41, 'Nada a declarar.', 752.74, '1994-04-14 22:30:00', 1),
	(10, 662, 'Nada a declarar.', 961.46, '2003-02-01 23:00:00', 0),
	(16, 43, 'Nada a declarar.', 102.86, '2005-02-12 14:30:00', 0),
	(19, 568, 'Nada a declarar.', 345.08, '2017-03-05 10:30:00', 1),
	(5, 487, 'Nada a declarar.', 737.13, '1991-10-05 12:00:00', 0),
	(12, 612, 'Nada a declarar.', 241.61, '2019-08-11 20:00:00', 1),
	(14, 518, 'Nada a declarar.', 878.01, '2012-07-20 11:30:00', 1),
	(6, 710, 'Nada a declarar.', 467.6, '2019-07-13 17:00:00', 0),
	(20, 286, 'Nada a declarar.', 946.33, '1994-05-23 16:00:00', 0),
	(5, 488, 'Nada a declarar.', 575.08, '2012-01-21 19:00:00', 1),
	(14, 473, 'Nada a declarar.', 270.4, '2015-11-22 17:00:00', 1),
	(20, 276, 'Nada a declarar.', 492.13, '1990-02-23 20:30:00', 1),
	(1, 299, 'Nada a declarar.', 729.68, '1999-03-10 20:00:00', 0),
	(15, 540, 'Nada a declarar.', 403.08, '2007-03-13 11:30:00', 1),
	(15, 514, 'Nada a declarar.', 188.73, '2000-08-03 22:00:00', 1),
	(1, 107, 'Nada a declarar.', 883.78, '2017-10-28 23:00:00', 0),
	(10, 52, 'Nada a declarar.', 133.4, '2006-05-21 10:00:00', 0),
	(7, 633, 'Nada a declarar.', 53.45, '1996-08-16 19:00:00', 0),
	(16, 590, 'Nada a declarar.', 10.8, '2003-03-07 10:30:00', 1),
	(19, 220, 'Nada a declarar.', 728.05, '2016-08-17 10:00:00', 1),
	(13, 30, 'Nada a declarar.', 493.76, '2001-06-05 21:30:00', 0),
	(19, 385, 'Nada a declarar.', 113.53, '2016-12-07 17:30:00', 0),
	(13, 404, 'Nada a declarar.', 223.23, '2008-05-16 10:00:00', 1),
	(10, 689, 'Nada a declarar.', 264.84, '2017-11-26 11:30:00', 0),
	(2, 423, 'Nada a declarar.', 633.58, '1997-03-08 11:30:00', 1),
	(16, 102, 'Nada a declarar.', 608.52, '1998-01-23 15:00:00', 0),
	(15, 133, 'Nada a declarar.', 601.19, '1993-09-05 14:30:00', 1),
	(18, 623, 'Nada a declarar.', 326.68, '2017-07-14 11:30:00', 0),
	(7, 620, 'Nada a declarar.', 798.97, '2012-09-10 17:30:00', 1),
	(10, 611, 'Nada a declarar.', 853.26, '2013-06-17 10:00:00', 1),
	(11, 538, 'Nada a declarar.', 767.31, '2019-08-14 15:30:00', 0),
	(16, 77, 'Nada a declarar.', 111.81, '2007-10-09 15:30:00', 0),
	(1, 510, 'Nada a declarar.', 347.98, '2014-10-22 21:30:00', 0),
	(4, 68, 'Nada a declarar.', 556.79, '2004-05-06 12:00:00', 0),
	(1, 174, 'Nada a declarar.', 498.99, '2001-12-15 21:30:00', 1),
	(16, 43, 'Nada a declarar.', 950.4, '2019-08-08 15:00:00', 0),
	(10, 305, 'Nada a declarar.', 335.13, '2019-02-24 20:30:00', 0),
	(17, 466, 'Nada a declarar.', 366.78, '2004-03-15 14:30:00', 1),
	(1, 482, 'Nada a declarar.', 280.51, '2014-01-10 18:30:00', 0),
	(14, 231, 'Nada a declarar.', 59.67, '1993-08-11 14:00:00', 0),
	(14, 693, 'Nada a declarar.', 277.32, '1992-08-01 13:00:00', 1),
	(10, 529, 'Nada a declarar.', 318.96, '1994-11-23 12:00:00', 0),
	(9, 121, 'Nada a declarar.', 598.43, '2012-07-18 15:30:00', 1),
	(2, 376, 'Nada a declarar.', 267.42, '2002-03-08 17:30:00', 0),
	(3, 116, 'Nada a declarar.', 157.67, '2002-10-21 21:30:00', 0),
	(2, 594, 'Nada a declarar.', 235.99, '2006-10-01 19:00:00', 0),
	(4, 524, 'Nada a declarar.', 820.35, '2001-10-19 19:30:00', 1),
	(12, 121, 'Nada a declarar.', 294.76, '2012-10-12 14:00:00', 1),
	(19, 107, 'Nada a declarar.', 497.02, '2007-01-08 20:00:00', 1),
	(18, 443, 'Nada a declarar.', 318.59, '2017-10-02 17:00:00', 0),
	(13, 473, 'Nada a declarar.', 668.61, '1992-06-23 18:00:00', 0),
	(7, 361, 'Nada a declarar.', 770.81, '1992-11-05 12:30:00', 1),
	(16, 74, 'Nada a declarar.', 132.21, '2016-03-13 14:00:00', 0),
	(7, 536, 'Nada a declarar.', 74.09, '1993-02-28 16:00:00', 1),
	(12, 351, 'Nada a declarar.', 484.48, '2007-03-19 13:30:00', 1),
	(5, 507, 'Nada a declarar.', 365.2, '2018-04-20 23:30:00', 0),
	(18, 420, 'Nada a declarar.', 701.76, '1997-06-14 14:00:00', 0),
	(6, 468, 'Nada a declarar.', 84.21, '2015-03-19 10:00:00', 0),
	(2, 116, 'Nada a declarar.', 289.68, '2010-02-15 20:00:00', 1),
	(15, 512, 'Nada a declarar.', 831.52, '1993-03-24 18:00:00', 1),
	(5, 69, 'Nada a declarar.', 351.61, '2017-11-11 22:30:00', 1),
	(3, 680, 'Nada a declarar.', 565.18, '1990-02-23 12:00:00', 1),
	(19, 164, 'Nada a declarar.', 325.0, '2007-10-16 17:00:00', 0),
	(19, 474, 'Nada a declarar.', 560.34, '2008-07-15 10:00:00', 0),
	(14, 336, 'Nada a declarar.', 84.72, '1998-01-18 14:00:00', 0),
	(2, 251, 'Nada a declarar.', 706.9, '2018-08-02 10:00:00', 0),
	(8, 678, 'Nada a declarar.', 404.39, '2019-05-07 19:00:00', 0),
	(11, 469, 'Nada a declarar.', 715.07, '1991-10-01 10:30:00', 1),
	(16, 253, 'Nada a declarar.', 284.2, '2016-09-12 10:00:00', 0),
	(14, 433, 'Nada a declarar.', 297.49, '2000-05-05 11:00:00', 1),
	(20, 185, 'Nada a declarar.', 130.18, '1998-09-17 21:30:00', 0),
	(10, 542, 'Nada a declarar.', 628.11, '2000-12-28 23:30:00', 1),
	(5, 632, 'Nada a declarar.', 470.43, '2010-11-23 20:30:00', 0),
	(14, 653, 'Nada a declarar.', 510.75, '2005-08-18 12:00:00', 1),
	(10, 712, 'Nada a declarar.', 787.58, '2012-02-18 21:00:00', 0),
	(10, 380, 'Nada a declarar.', 117.88, '2008-02-11 15:30:00', 1),
	(13, 576, 'Nada a declarar.', 677.57, '2019-01-02 14:00:00', 0),
	(20, 434, 'Nada a declarar.', 229.73, '2015-01-20 17:30:00', 0),
	(5, 130, 'Nada a declarar.', 970.39, '1998-12-23 13:30:00', 1),
	(4, 339, 'Nada a declarar.', 965.44, '1991-03-05 16:30:00', 1),
	(15, 72, 'Nada a declarar.', 337.25, '1996-11-15 10:00:00', 0),
	(1, 124, 'Nada a declarar.', 941.91, '2003-04-21 17:00:00', 1),
	(13, 266, 'Nada a declarar.', 658.29, '1998-10-25 23:30:00', 0),
	(16, 56, 'Nada a declarar.', 631.98, '2014-08-21 16:30:00', 1),
	(3, 342, 'Nada a declarar.', 752.92, '2011-11-05 12:00:00', 1),
	(3, 245, 'Nada a declarar.', 759.52, '2001-09-03 22:30:00', 1),
	(6, 79, 'Nada a declarar.', 224.04, '2002-10-05 11:00:00', 1),
	(18, 84, 'Nada a declarar.', 637.14, '1995-08-28 13:00:00', 1),
	(1, 221, 'Nada a declarar.', 528.05, '1997-03-24 17:00:00', 1),
	(20, 401, 'Nada a declarar.', 353.96, '2004-09-17 23:30:00', 0),
	(15, 108, 'Nada a declarar.', 530.2, '2012-02-11 17:30:00', 1),
	(9, 187, 'Nada a declarar.', 446.1, '2016-01-18 12:00:00', 0),
	(19, 110, 'Nada a declarar.', 192.45, '1996-07-04 12:00:00', 0),
	(15, 573, 'Nada a declarar.', 365.91, '1994-11-03 10:30:00', 1),
	(3, 65, 'Nada a declarar.', 162.21, '2010-03-11 17:00:00', 0),
	(11, 157, 'Nada a declarar.', 205.42, '2013-07-21 21:30:00', 1),
	(9, 423, 'Nada a declarar.', 701.64, '2015-09-07 14:30:00', 0),
	(15, 67, 'Nada a declarar.', 768.83, '1990-02-02 10:30:00', 0),
	(15, 201, 'Nada a declarar.', 327.33, '2019-03-14 19:30:00', 0),
	(5, 385, 'Nada a declarar.', 33.88, '2003-01-02 23:30:00', 0),
	(3, 314, 'Nada a declarar.', 878.4, '1998-01-02 16:00:00', 1),
	(16, 193, 'Nada a declarar.', 827.59, '2011-06-08 16:00:00', 1),
	(16, 391, 'Nada a declarar.', 516.01, '1993-05-12 22:00:00', 0),
	(20, 439, 'Nada a declarar.', 804.03, '2003-04-20 19:30:00', 0);

